title,summary,content,link,category,published
"[전기차 화재 해법을 찾는다] 〈3〉 환경부, BMS 보조금 우대·안전성 높여 전기차 보급 확대",환경부가 전기차 충전시설 보조금 지침을 개정해 배터리관리시스템(BMS) 내 안전기능을 갖춘 전기차를 우대하고 구매자의 가격 부담을 낮춘다는 방침을 밝혔다. 배터리 화재 안전성을 높여 안전하고 편리한 충전환경을 조성해 전기차 보급을 확대한다는 취지다. 정부는 지난해 8월,"환경부가 전기차 충전시설 보조금 지침을 개정해 배터리관리시스템(BMS) 내 안전기능을 갖춘 전기차를 우대하고 구매자의 가격 부담을 낮춘다는 방침을 밝혔다. 배터리 화재 안전성을 높여 안전하고 편리한 충전환경을 조성해 전기차 보급을 확대한다는 취지다. 정부는 지난해 8월 인천 청라 아파트 지하주차장 화재 등으로 전기차와 충전시설에 대한 화재 우려가 커지자 한 달 뒤 '전기차 화재 안전관리 대책'을 발표했다. 전기차 BMS 기능을 개선하고, 운전자의 실사용을 늘려 화재 위험성을 사전에 감지할 수 있게 한다는 내용을 담았다. BMS는 전압·전류·온도 등 전기차 배터리 상태를 모니터링하고 측정값을 취합해 △배터리 셀밸런싱 △열관리 △충전상태(SOC) ·배터리수명(SOH) 예측 △충전 제한 △오류진단(과전압·배터리셀·전류센서·냉각팬·통신 등)이 가능하게 한다. BMS가 이상을 감지하면 기본적으로 차량내 클러스터나 네비게이션 화면 등으로 이상 상태를 표시하고, 동시에 차량 작동을 제한해 추가적인 배터리 상태 악화를 방지하면서 정비를 유도한다. 최근 출시되는 차량들은 BMS 기술을 활용해 차량의 배터리 상태를 진단하는 것에서 그치지 않고, 이상 발생 시 차주와 제조사 사후서비스(A/S) 거점 등에 즉각 알림을 전송하는 안전기능을 지원하고 있다. 이러한 기능을 통해 배터리 이상을 적시에 인지하고, 제조사의 즉각적인 대응을 통해 배터리 화재를 예방하는 효과를 기대할 수 있다. 전문가들은 전기차 화재는 BMS 등 예방 인프라 보급 확대에 집중하는 동시에 기존 차량들에 진단 기술을 고도화해야 피해 규모를 줄일 수 있다고 주장한다. 현대·기아자동차는 BMS 안전기능을 선도하고 있다. 자체적으로 BMS 안전진단 기술 단계를 1~4 단계로 규정해 단계적으로 양산에 적용 중이다. 차량내 BMS에 직접 탑재(온보드)되는 1~3단계 기술들은 최신 차량에 모두 적용됐다. 향후 4단계 기술인 클라우드 기반 원격진단 기술까지 도입해 전방위적인 안전 진단을 구현한다는 방침이다. 현대차 관계자는 “1단계 또는 2단계 기술 수준에서 생산된 구형 차종들은 연내 3단계 기술까지 전체 판매차량을 대상으로 업데이트해 제조사로써 안전관리에 책임을 다 할 것”이라면서 “일부 구형 차종들은 무선통신업데이트(OTA) 기능이 적용되지 않아 서비스센터를 통해 BMS를 업데이트하는 큰 비용이 발생하지만, 제조사로써 배터리 안전 확보에 사활을 걸고 진행하고 있다”고 밝혔다. 최근 BMS 기술은 단순한 모니터링을 넘어 인공지능(AI) 기반 예지 진단으로 배터리 이상을 사전 감지하고 대응하는 방향으로 진화하고 있다. 한세경 경북대 교수는 “현대모비스는 셀 내부 발화 시 자동으로 소화약제를 분사하는 내장형 화재 진압 시스템을 개발해, 열폭주를 모듈 단위에서 차단하는 기술을 선보이는 등 글로벌 안전 규제 수준을 선도하고 있다”고 설명했다. BMS 고도화는 차량뿐 아니라 에너지저장치(ESS) 등 다양한 분야로 확산되고 있으며, 파워로직스처럼 중대형 배터리팩을 대상으로 열폭주 전이를 예측해 화재 확산을 막는 알고리즘을 적용하는 사례도 나오고 있다. 한 교수는 “기술 발전과 함께 구형 차량에 대한 진단 기술 확산, 아파트 단위 공동 관제 시스템 구축 등 공동체 차원의 위험 감시 체계도 병행돼야 실질적인 화재 예방 효과를 기대할 수 있다”고 강조했다. 정부는 BMS 배터리 위험도 표준을 마련하고, 올해 상반기 중 자동차 소유주가 정보제공에 동의한 차량을 대상으로 위험단계인 경우에는 자동으로 소방당국에도 알리는 시범사업을 추진한다. 최근에는 전기차 구매보조금 지침을 개편해 BMS 안전기능 탑재 차량에 인센티브를 부여하고 안전관리를 강화하고 있다. 전기승용차는 BMS 안전기능과 배터리 상태정보를 충전중 제공하는 차량에 배터리안전보조금을 추가 지원(총 30만원)하고 있으며, BMS 업데이트 불가차량을 폐차한 후 전기차 신차 구매한다면 보조금 20만원을 추가 지원한다. 전기승합차의 경우 배터리안전보조금(1000만원) 지급 항목에 BMS를 활용한 주차중 이상감지·알림기능 지원을 추가했다. 전기화물차는 BMS에 의한 주차중 이상감지·알림기능과 배터리 안전보조금을 신설해 충전중 SOC정보를 제공하는 차량에 보조금을 추가 지원(총 50만원)한다. 류필무 환경부 대기미래전략과장은 “BMS 업데이트가 불가능해 안전기능이 부족한 기존 운행차량의 경우에는 차량을 폐차한 후에 전기차로 구매하는 경우 추가 인센티브를 지원한다”면서 “BMS와 함께 이중 안전장치 역할을 수행하는 스마트 제어 충전기 보급을 확대해 보다 안전하고 편리한 충전환경을 조성하겠다”고 밝혔다.",https://www.etnews.com/20250529000220,정치,2025-05-29 13:09:28+09:00
[전기차 화재 해법을 찾는다] 〈3〉'보험사 공동보험(Pool·풀)' 등 사후 대책 마련해야,29일 보험업계가 제2의 인천 청라 지하주차장 화재 사고에 대비해 '보험사 공동보험(Pool·풀)' 등 사후 대책을 마련해야 한다고 주장했다. 정부가 보증하는 신규 보험제도를 도입해 전기차 화재 배상책임을 낮춘다면 '전기차 포비아(공포증)'를 해소에 기여할 수 있을 전,"29일 보험업계가 제2의 인천 청라 지하주차장 화재 사고에 대비해 '보험사 공동보험(Pool·풀)' 등 사후 대책을 마련해야 한다고 주장했다. 정부가 보증하는 신규 보험제도를 도입해 전기차 화재 배상책임을 낮춘다면 '전기차 포비아(공포증)'를 해소에 기여할 수 있을 전망이다. 현재 국내에서 전기차 화재 발생 시 보험 등 피해보상은 '선처리 후청구'로 진행된다. 아파트, 차량 등 선 보험처리를 통한 보상 이후 보험사가 책임 주체에 구상권을 청구하는 방식이다. 아파트와 같은 공동주택 소유자는 '화재보험법'에 따라 화재보험 의무가입 대상이다. 지하주차장 등 설비 피해, 수리·해체·청소 등 비용 보상이 가능하며, 보험금 한도는 건물시가 등을 반영한 보험가입액을 기준으로 아파트별로 상이하다. 자동차 소유자 또한 '자동차손배법'에 따라 책임보험 의무가입 대상이다. 자기차량 손해담보 등 차주별 자차보험을 통한 보상이 가능하며 자기부담금이 발생한다. 지난해 8월 인천 청라 아파트 지하주차장 전기차 화재의 경우 지하1층 주차장에 주차된 전기차량에서 발화한 불길이 인접 차량으로 확산했다. 단전·단수로 822명이 임시시설에 거주하는 등 상당한 수준의 불편도 야기했다. 이번 사고는 단순한 차량 화재를 넘어서 아파트 단지 전체에 영향을 줄 수 있는 사회적 재난으로 확대될 수 있다는 위험성을 보여줬다. 국내 주거환경이 아파트 위주이고 대부분의 주차장 시설이 지하에 위치하고 있기 때문에, 전기차 화재는 주거시설뿐만 아니라 산업시설, 상업시설에서도 위험요인이 될 수 있다. 제2의 인천 청라 지하주차장 화재 발생 시 현행 보험 보상체계의 한계를 벗어날 가능성이 매우 높다. 한 보험업계 관계자는 “자동차보험 전기차 특약 대물 배상한도는 최대 20억원인데, 제조사의 책임이 아닌 운전자의 과실일 경우 20억원 한도로는 보상이 어려울 수 있다”면서 “아파트 등에서 가입하는 재산종합보험, 동산종합보험을 비롯한 화재보험으로도 사고 원인에 따라 대규모 피해 발생 시 보상이 불가능할 수 있다”고 설명했다. 전문가들은 전기차로 인해 발생하는 사회적 재난수준의 대규모 피해에 대응해 신속한 보상이 가능한 보험제도로 안전망을 확보해야 한다고 주장했다. 또 다른 업계 관계자는 “복수의 보험사들이 참여하는 공동보험(Pool·풀)을 운영해 리스크를 분산시킨다면 피해규모가 40억원에 달하는 화재 사고가 발생하더라도 선처리 후보상이 가능할 것”이라면서 “특히 정부가 보증하는 신규보험제도를 통해 전기차로 인해 발생될 수 있는 배상책임을 낮춰 '전기차 포비아'를 해소할 수 있을 것”이라고 제안했다. 이어 “주유소, 액화석유가스(LPG)·수소충전소 등 시설은 법에 따라 무과실책임보험에 의무 가입한다”면서 “전기차 충전시설 또한 무과실책임보험에 의무 가입한다면 전기차 캐즘 극복에 도움이 될 수 있다”고 부연했다. 정부 또한 전기차 화재를 신속하고 포괄적으로 보상할 수 있는 신규 정책보험 제도를 통해 사회안전망을 강화하는 것이 시급하다고 보고있다. 전기차 화재예방을 위한 정부의 사전적 대책과 함께 보험제도를 통한 사후적 대책이 마련될 때, 전기차 전환 수용성이 높아질 것이라는 취지다. 류필무 환경부 대기미래전략과장은 “현 보험체계로는 전기차 차주를 위한 책임보험이 잘 작동되지 않고 있다. 국민이 안심할 수 있는 보험 상품 개발이 시급하다”면서 “보험 상품 가입에 따른 전기차 보조금 차등 지급 등의 정책적 대안을 마련하겠다”고 말했다.",https://www.etnews.com/20250529000218,정치,2025-05-29 13:09:21+09:00
"'14억' 인도, 보험시장 열린다…외인 직접투자 규제 철폐",인도 정부가 보험업에 대한 외국인 직접투자(FDI) 규제를 철폐할 예정이다. 국내 보험사에게도 14억명 인구를 보유한 새로운 시장이 열렸다. 29일 금융권에 따르면 인도 재무부 장관은 2025~2026년 예산안 발표 연설을 통해 보험업에 대한 외국인 직접 투자 상한을,"인도 정부가 보험업에 대한 외국인 직접투자(FDI) 규제를 철폐할 예정이다. 국내 보험사에게도 14억명 인구를 보유한 새로운 시장이 열렸다. 29일 금융권에 따르면 인도 재무부 장관은 2025~2026년 예산안 발표 연설을 통해 보험업에 대한 외국인 직접 투자 상한을 기존 지분 74%에서 100%로 확대한다고 공식 발표했다. 인도는 지속해서 외국인 직접투자 한도를 완화해 왔다. 외인 주식투자 제한은 지난 △1999년 26% △2015년 49% △2021년 74%로 확대됐다. 올해는 100%까지 늘어나 사실상 보험시장 완전히 개방된 셈이다. 앞으로 외국 보험사들은 더 이상 인도에 진출하기 위해 지분 26%를 맡을 인도 현지 파트너사를 구하지 않아도 된다. 다만 인도 정부는 외국인 지분이 100%인 보험사에 대해 거둬들인 보험료 전액을 인도에 투자하는 조건을 부과할 예정이다. 인도 시장 완전 개방으로 국내 보험사들도 인도 진출을 본격적으로 검토할 것으로 예상된다. 압도적인 인구수를 보유하고 있어 잠재력이 크고, 국내 보험시장이 포화상태인 상황에서 신시장이 될 수 있다는 관측이다. 작년 기준 인도 생명보험 보험침투율은 3.7%로 우리나라(9.4%) 대비 매우 낮은 수준이다. 보험침투율은 국내총생산(GDP) 대비 보험료 수준으로, 국가 경제에 보험산업이 차지하는 비중을 나타낸다. 인도는 우리나라 국민들보다 보험에 지출하는 비용이 적은 것으로 해석할 수 있다. 현재 국내 보험사 중에선 현대해상이 인도 뉴델리에 사무소를 설립해 운영하고 있다. 향후 인도 진출을 타진하는 보험사들이 늘어날 전망이다. 그룹 차원에서 인도 공략 확대하고 있는 미래에셋생명도 후보다. 미래에셋그룹은 미래에셋자산운용이 지난 2006년 뭄바이 법인을 설립하며 인도에 진출했다. 작년 말엔 미래에셋증권이 인도 현지 증권사 쉐어칸을 인수하며 현지 저변을 확대하고 있다. 미래에셋증권은 지난해만 인도에서 5곳 법인(HVDPL, 쉐어칸, 쉐어칸 파이낸셜, 쉐어칸 에스프레소, 쉐어칸 에듀케이션)을 냈다. 올해 2월부터는 미래에셋쉐어칸이 인도 내 생명보험 상품 유통을 시작했다. 한 보험업계 관계자는 “이번 규제 완화로 인도 진출을 검토하는 회사가 있을 것으로 보인다”며 “인도는 인구 수가 많고 성장 잠재력이 커, 새 먹거리를 찾아야 하는 국내 보험사들에게 선택지가 될 수 있다”고 말했다.",https://www.etnews.com/20250529000116,정치,2025-05-29 13:00:00+09:00
"[단독] 전기차 화재, 책임보험 무용지물…“위험분산해 실효성 갖춰야”","전기차 화재시 피해 보상에 대한 책임 소재가 불분명해 제2의 인천 청라 지하주차장 화재와 같은 사고가 발생할 경우, 국내 전기차 보험 상품이 무용지물이 될 것이라는 진단이 나왔다. 전문가들은 보험사들의 리스크를 분산하고 정부가 보증하는 신규 보험제도를 통해 전기차로 인","전기차 화재시 피해 보상에 대한 책임 소재가 불분명해 제2의 인천 청라 지하주차장 화재와 같은 사고가 발생할 경우, 국내 전기차 보험 상품이 무용지물이 될 것이라는 진단이 나왔다. 전문가들은 보험사들의 리스크를 분산하고 정부가 보증하는 신규 보험제도를 통해 전기차로 인해 발생될 수 있는 배상책임을 낮춰 '전기차 포비아(공포증)'를 해소해야 한다고 지적했다. 29일 보험업계에 따르면 지난해 8월 인천 청라 아파트 지하주차장 전기차 화재 발생 9개월이 지났지만 정확한 사고 원인이 규명되지 않고 있다. 소방당국은 인천 화재로 차량 87대가 전소되고, 793대가 불에 탔으며 지하주차장 시설도 망가져 38억5331만원에 달하는 재산 피해가 났다고 집계했다. 자차보험 처리 신청 차량은 600대를 넘는다. 자동차 결함으로 판명될 경우 제조물책임법에 따라 제작사의 책임 및 배상의무가 있으며, 제조물 배상책임 보험으로 배상 가능하다. 그러나 수사당국은 인천 청라 전기차 화재에 대해 4개월 수사 끝에 화재원인을 '규명 불가'로 결론지었다. 화재로 인해 배터리관리시스템(BMS) 데이터를 추출할 수 없었고 국립과학수사연구원도 정확한 발화 원인을 특정하지 못했다. 보험사 입장에서도 국과수 감정 결과에 따라 제작사인 벤츠코리아, 차주, 아파트 관리주체 중 책임소재와 과실비율을 정해야하는데 보상에 대한 책임 소재가 불분명해 보험처리가 불가능한 상황이다. 차주의 관리책임이 인정될 경우 차주의 자동차보험 대물배상 한도까지 배상이 이뤄지나, 책임이 인정될 가능성은 낮다. 인천 전기차 화재의 경우 차주가 차량 운행·조작중이 아니었으며, 주차후 장시간 방치한 후 사고가 발생한 2011년 유사 사례에서도 보험 청구가 기각된 바 있다. 아파트 관리 인력에게도 스프링클러 임의정지 등에 대한 책임이 제기되고 있다. 그러나 회사가 파산하며 개인·업체를 상대로 대규모 배상능력이 없을 것으로 예상된다. 보험업계 관계자는 “전기차 화재는 사고 원인에 따라 보상해야 하는 주체가 다르기 때문에 화재 원인을 명확히 파악하지 못할 경우 소송·분쟁이 만연해지고 이를 해결하기까지 오랜 시간이 걸리기 때문에 사회적 비용을 증가시킬 수 있다”면서 “보험사들의 리스크를 분산하고 정부가 보증하는 신규 보험제도를 통해 배상책임을 낮춰야 한다”고 지적했다.",https://www.etnews.com/20250529000207,정치,2025-05-29 12:57:24+09:00
'신혼여행성지' 하와이에 전염병 비상 …“백일 기침하거나 기형아 유발”,신혼여행 성지로 꼽히는 미국 하와이에서 지카 바이러스 감염증과 전염성이 강한 세균성 호흡기 질환인 백일해(Pertussis)가 확산하면서 보건 당국이 경고에 나섰다. 27일(현지시간) 미국 폭스뉴스는 하와이 보건국(DOH)의 발표를 인용해 “지역 내 백일해 발생 사례가,"공기중 전파되는 호흡기질환 ‘백일해’ 모기에 감염되는 ‘지카바이러스’ 확산 신혼여행 성지로 꼽히는 미국 하와이에서 지카 바이러스 감염증과 전염성이 강한 세균성 호흡기 질환인 백일해(Pertussis)가 확산하면서 보건 당국이 경고에 나섰다. 27일(현지시간) 미국 폭스뉴스는 하와이 보건국(DOH)의 발표를 인용해 “지역 내 백일해 발생 사례가 '우려스러운 속도'로 증가하고 있다”고 밝혔다. 하와이 보건국에 따르면 지난 15일 기준 하와이에서 108건의 백일해 감염 사례가 확인됐으며, 이는 2024년 전체 누적 확진자 수였던 84건을 이미 초과한 수치다. 감염 사례는 계속 증가하고 있으며, 보건당국은 전염병 확산 차단을 위해 지역사회 감시를 강화하고 백신 접종 독려에 나선 상태다. 백일해는 '보르데텔라 퍼투시스'(Bordetella pertussis)라는 세균에 의해 발생하는 급성 호흡기 감염병으로, 일반 감기와 비슷한 증상으로 시작하지만 이후 극심한 기침과 호흡곤란이 동반되며 심한 경우 폐렴, 무호흡증, 뇌병증 등으로 이어질 수 있다. 질병 이름은 '한 번 감염되면 최대 100일간 기침이 지속된다'는 데서 유래했다. 감염된 사람이 기침이나 재채기할 때 배출되는 미세 침방울을 통해 공기 중으로 전파되며, 전염력이 매우 강하다. 미국 폭스뉴스의 수석 의학 분석가 마크 시겔(Marc Siegel) 박사는 “백일해는 바이러스가 아닌 세균 감염으로, 항생제 치료가 가능하긴 하지만 초기에는 감기로 오인되기 쉬워 적절한 치료 시기를 놓치기 쉽다”며 “가장 효과적인 예방법은 백신 접종”이라고 강조했다. 미국 질병통제예방센터(CDC)와 하와이 보건국은 백일해 예방을 위한 백신 접종을 강력히 권고하고 있다. 7세 미만 어린이에게는 DTaP(디프테리아·파상풍·백일해) 백신을, 7세 이상 어린이와 성인에게는 Tdap(파상풍·디프테리아·백일해) 백신을 접종하도록 권장한다. 또한 하와이 보건 당국(DOH)은 이날 호놀룰루가 있는 오하우 섬에서 발생한 여행 관련 지카 바이러스 감염증 확진 사례 1건과 노출 가능성이 있는 2명을 조사하고 있다고 공식 발표했다. 하와이에서 지카 바이러스 감염증이 발생한 것은 2019년 이래 처음으로, 당국은 주민들에게 방충제 사용, 긴 소매와 긴 바지 착용, 모기 번식지인 고인물 제거 등에 동참해 줄 것을 요청했다. 지카 바이러스 감염증은 감염된 숲모기에 물린 후 3~14일의 잠복기를 거쳐 발열, 발진, 두통, 관절통 및 근육통, 눈 충혈 등의 증세를 보인다. 하지만 대부분(약 80%) 아무런 증상이 나타나지 않는다. 지카 바이러스는 모기, 성 접촉, 모자간 수직감염 등으로 전파된다. 감염될 경우 특히 임신부에게 해로울 수 있으며, 심각한 선천적 기형을 유발할 수 있다. 한편, 최근 하와이에서는 홍역 확진 사례도 보고되면서 공중보건에 대한 긴장감이 더욱 높아지고 있다. 하와이주 보건국은 “미국 전역에서 홍역 사례가 계속 증가하고 있으며, 올해에만 30개 주에서 1000건 이상의 감염 사례가 보고됐다”며 “하와이 역시 홍역 유입 가능성이 여전히 높은 지역으로 분류되고 있어, 주민들의 지속적인 예방접종 참여와 방역 수칙 준수가 절실하다”고 당부했다.",https://www.etnews.com/20250529000169,정치,2025-05-29 11:33:35+09:00
오늘부터 사전투표 시작… '인증샷' 주의할 점은,제21대 대통령선거 사전투표가 29일 오전 6시 전국 3568개 사전투표소에서 동시 시작됐다. 오늘부터 이틀간 오전 6시부터 오후 6시까지 진행한다. 유권자는 별도 신고 없이 사진이 붙은 신분증만 지참하면 가까운 사전투표소 어디서나 투표할 수 있다. 모바일 신분증은 화,"제21대 대통령선거 사전투표가 29일 오전 6시 전국 3568개 사전투표소에서 동시 시작됐다. 오늘부터 이틀간 오전 6시부터 오후 6시까지 진행한다. 유권자는 별도 신고 없이 사진이 붙은 신분증만 지참하면 가까운 사전투표소 어디서나 투표할 수 있다. 모바일 신분증은 화면 캡처가 아닌 현장에서 애플리케이션을 실행해야 투표가 가능하다. 유권자가 실수로 기표를 잘못하거나 투표지를 훼손한 경우, 투표지를 다시 제공하지 않기 때문에 주의해야 한다. 기표용기 이외의 도구로 기표하거나, 후보자란을 벗어난 기표, 여러 칸에 기표한 경우 무효표로 처리된다. 또, 공직선거법은 투표 시 기표된 투표용지를 촬영하는 행위를 금지하고 있다. 이를 위반하면 2년 이하의 징역이나 400만원 이하 벌금에 처한다. 이 때문에 사회관계망서비스(SNS)에서 유행하고 있는 인증샷은 촬영 시 주의해야 한다. 사진은 반드시 투표소 밖에서 촬영해야 하며, 투표지를 촬영하거나 이를 게시 및 전송하면 안 된다. 다만 투표소 밖에서 엄지척, 브이 등 손가락으로 기호를 표시하거나 특정 후보자의 선거홍보물과 함께 찍는 인증샷은 가능하다. 기표도장을 손이나 별도로 준비해 간 용지에 찍어 이를 촬영하는 것 또한 허용된다.",https://www.etnews.com/20250529000146,정치,2025-05-29 11:14:30+09:00
"美연방법원, 트럼프 관세에 제동…“헌법 넘어선 월권”","미국 연방법원이 28일(현지시간) 전세계를 대상으로 한 도널드 트럼프 미국 대통령의 '상호관세' 조치에 제동을 걸었다. 대통령 권한을 넘어 위법하게 이뤄졌다고 판결했다. 트럼프 대통령은 앞서 이 정책을 추진하면서 국제비상경제권한법(IEEPA)를 근거로 제시했는데, 받아","미국 연방법원이 28일(현지시간) 전세계를 대상으로 한 도널드 트럼프 미국 대통령의 '상호관세' 조치에 제동을 걸었다. 대통령 권한을 넘어 위법하게 이뤄졌다고 판결했다. 트럼프 대통령은 앞서 이 정책을 추진하면서 국제비상경제권한법(IEEPA)를 근거로 제시했는데, 받아들여지지 않았다. 백악관은 “고삐풀린 사법 쿠테타”라고 반발하며 즉각 항소했다. 로이터통신 등 주요외신은 이날 연방국제통상법원 재판부가 상호관세 발효를 차단하는 결정을 내렸다고 보도했다. 재판부는 “헌법은 외국과의 무역을 규제하는 권한을 오직 의회에만 부여한다. 이는 미국 경제를 보호하기 위한 대통령의 비상권한으로도 뒤엎을 수 없다”고 했다. 특히 “무역수지 불균형을 이유로 의회 승인 없이 일괄적 관세를 부과한 것은 의회의 무역조정 권한을 침해하는 것”이라고 덧붙였다. 앞서 미국 소재 5개 기업은 트럼프 대통령이 관세 결정 권한을 가진 연방의회를 거치지 않고 위법하게 관세 정책을 펼쳤다며 지난달 소송을 제기했다. 이들 기업은 소장에서 트럼프 대통령이 IEEPA를 자의적으로 해석해 권한 없이 관세를 부과했다고 주장했다. 반면 트럼프 행정부의 법무부는 IEEPA가 대통령에게 관세를 부과할 권한을 명확히 부여했다고 반박했다. 법무부 측 변호인단은 법원에 제출한 문서에서 “IEEPA는 의회가 대통령에게 특정 상황에서 관세 부과를 통해 수입을 규제할 권한을 합법적으로 위임했다”라고 주장했다. 뉴욕주를 포함해 총 12개 주도 지난달 트럼프 행정부의 관세 정책 중단을 요구하는 소송을 같은 법원에 제기했다. 네바다와 버몬트 등 공화당 소속 주지사가 있는 주도 포함됐다. 트럼프 행정부는 즉각 반발했다. 백악관은 “트럼프 대통령은 미국 경제 안보와 산업 보호를 위해 IEEA에 따라 정당한 조치를 취한 것”이라며 “법원의 판단은 국가 주권과 미국 제조업에 대한 심각한 위협”이라고 반박했다. 이어 “법적 절차에 따라 항소할 것이며, 최종적으로 대법원까지 갈 수 있다”고 밝혔다. 한편 이번 판결은 관세를 앞세워 동맹국과 적대국을 가리지 않고 새로운 무역협정을 압박한 트럼프 행정부의 무역통상 정책에 제동을 건 첫 사법 판단이다. 미 의회조사국(CRS)에 따르면 지난해 초까지 미국 대통령이 IEEPA를 활용한 것은 총 69건이지만 관세 부과의 근거로 쓰인 적은 한 번도 없었다. 1971년 리처드 닉스 당시 대통령이 IEEPA의 전신 격인 적성국무역법(TWEA)을 근거로 미국으로 수입되는 모든 과세 대상 품목에 10%의 긴급 관세를 부과하는데 활용된 것이 그나마 유사한 사례다. 반면 트럼프 대통령은 동맹국과 적성국을 가리지 않고 압박하는 수단으로 사용하고 있다. 우리나라도 인도, 일본 등과 함께 오는 7월까지 무역통상을 넘어선 새로운 협상 합의를 종용받고 있다.",https://www.etnews.com/20250529000141,정치,2025-05-29 11:08:20+09:00
[대선 D-5]김문수 “마지막까지 단일화 노력하겠다…하나로 뭉쳐야”,"국민의힘 김문수 대통령 후보가 29일 인천 계양구에서 사전투표를 마친 뒤, 단일화와 관련해 “마지막까지도 노력하겠다”고 밝혔다. 사실상 단일화 논의가 멈춰섰다는 평가가 나오는 가운데, 김 후보는 여전히 이준석 개혁신당 후보와의 만남 가능성을 열어두고 있다고 강조했다.","국민의힘 김문수 대통령 후보가 29일 인천 계양구에서 사전투표를 마친 뒤, 단일화와 관련해 “마지막까지도 노력하겠다”고 밝혔다. 사실상 단일화 논의가 멈춰섰다는 평가가 나오는 가운데, 김 후보는 여전히 이준석 개혁신당 후보와의 만남 가능성을 열어두고 있다고 강조했다. 김 후보는 이날 오전 10시 30분, 딸과 함께 인천 계양1동 행정복지센터 사전투표소에서 투표를 마친 뒤 기자들과 만나 “오늘 사전투표를 했는데, 딸과 함께 한 것은 이번이 처음”이라며 “이 자리는 인천 자유공원 유세에 이어 잠시 들른 것이지만, 계양이 이재명 후보의 지역구라는 점도 고려된 요인이 있다”고 설명했다. 그는 이날 단일화 가능성에 대한 질문을 받고 “마지막까지도 노력하겠다”며 “전체적으로 하나로 뭉치기 위한 노력을 계속하고 있다”고 강조했다. 이날 이준석 후보가 공개한 이재명 후보 아들과 관련한 내용에 대해서는 “내용 자체에 주목하지 않는다. 아들 얘기는 본 적도 없고 특별히 드릴 말씀 없다”며 말을 아꼈다. 사전투표 제도와 관련해선 “관외투표는 절차가 복잡하고, 인쇄·운송·보관 과정에서 부실 관리 우려가 있다”며 “이번에는 철저하게 관리하고 있지만 여전히 문제 제기하는 분들이 있다. 제도 보완은 필요하지만 그렇다고 투표를 하지 않는 건 더 큰 문제”라고 강조했다. 이어 그는 “그래서 제가 먼저 나와서 투표한 것”이라고 말했다. 김 후보는 최근 여론조사 추이와 관련해 “어제 저녁에 나온 조사 중 어떤 것은 제가 압승인 것도 있다. 급속하게 지지율이 좁혀지고 있다”며 “선거운동 기간이 한 달도 안됐지만 빠르게 알려졌고, 결과는 잘 될 것이라 확신한다”고 밝혔다.",https://www.etnews.com/20250529000140,정치,2025-05-29 11:08:08+09:00
[마켓트렌드] 올 여름 휴가는 호텔에서…여름 프로모션 시동,호텔업계가 본격적인 여름 시즌을 맞아 다채로운 프로모션을 선보이고 있다. 호텔 셰프가 직접 선보이는 망고 빙수 등 특선 여름 디저트부터 호캉스족을 잡기 위한 다양한 패키지 상품까지 여름 성수기 공략 채비를 마쳤다. 페어몬트 서울 호텔은 호텔 1층 '더 아트리움 라운지',"호텔업계가 본격적인 여름 시즌을 맞아 다채로운 프로모션을 선보이고 있다. 호텔 셰프가 직접 선보이는 망고 빙수 등 특선 여름 디저트부터 호캉스족을 잡기 위한 다양한 패키지 상품까지 여름 성수기 공략 채비를 마쳤다. 페어몬트 서울 호텔은 호텔 1층 '더 아트리움 라운지'에서 여름 시즌 메뉴를 선보이는 '아트리움 서머 시즌 프로모션'을 진행한다고 29일 밝혔다. 오는 6월 2일부터 8월 31일까지 열리는 이번 프로모션은 제철 애플망고를 활용한 빙수와 케이크, 청사과·코코넛·망고·복숭아·자두 등 제철 과일을 활용한 음료 메뉴를 만나볼 수 있다. 그랜드 인터컨티넨탈 서울 파르나스는 오는 6월 1일부터 9월 21일까지 호텔 1층 라운지에서 '벨 에포크 샴페인 빙수'를 선보인다. 이번에 선보이는 빙수는 프랑스 샴페인의 꽃으로 불리는 '페리에 주에'와 협업해 개발했다. 샴페인을 활용한 분자요리 기법, 오브제 수준의 비주얼로 완성했으며 샴페인 '벨 에포크'의 상징적인 플로럴 아트워크에서 영감을 받아 특별히 제작한 전용 그릇에 담겨 제공된다. 가격은 15만원이다. 카시아 속초는 본격적인 바캉스 시즌을 맞아 수평선을 바라보며 맥주를 즐길 수 있는 '비어 가든'을 오는 6월부터 오픈한다. 지난해에 이어 두 번째로 선보이는 비어가든은 속초 명물인 닭강정부터 다양한 타코 메뉴가 준비된다. 4층에 위치한 인피니티 풀 내 사이드바도 함께 오픈한다. 차돌 떡볶이, 해산물 토마토 피자 등 다양한 스낵 메뉴를 마련했다. 같은 층의 카페·베이커리 호라이즌은 여름 무더위를 잊게 해줄 시즌 음료 4종을 함께 선보인다. 코트야드 메리어트 서울 타임스퀘어 호텔은 여름 한정 객실 패키지 '칠링앤힐링'을 선보인다. 도심 속에서 짧고도 깊은 여름 휴식을 즐기고자 하는 고객을 위해 기획됐다. 패키지는 객실 투숙과 함께 모모카페에서 제공되는 조식 뷔페 2인, 런치·디너 뷔페 25% 할인 바우처 등의 혜택을 담았다. 특히 제철 복숭아를 활용한 '복숭아 쁘띠 빙수 세트'가 패키지 하이라이트로 꼽힌다. 투숙 기간은 오는 6월 1일부터 8월 31일까지다. 메종 글래드 제주는 오는 6월 1일부터 9월 30일까지 '글래드 풀캉스 패키지'를 선보인다. 객실 1박과 함께 △야외 수영장 '더 파티오 풀' 성인 입장권 2매 △풀 사이드 바 생맥주 2잔 이용권 1매 △선베드 2시간 이용권 1매 등을 제공한다. 또한 선착순으로 △글래드 L튜브 1개를 제공한다. 패키지 금액은 스탠다드 객실 기준 14만6000원부터다. 대명소노그룹 소노인터내셔널은 '미리보는 여름일지' 기획전을 진행한다. 긴 무더위와 여름방학을 대비해 자녀 동반 가족 여행객들이 워터파크를 비롯한 리조트 인기 콘텐츠를 함께 경험하며 무더위를 날릴 수 있도록 기획됐다. 기획전 메인 상품인 '오션에 빠지다' 패키지는 객실 1박과 워터파크 입장권(대·소인 공통) 2매와 소인 전용 1매로 구성됐다. 투숙 기간은 6월 1일부터 8월 23일까지다.",https://www.etnews.com/20250529000040,정치,2025-05-29 11:00:00+09:00
[알리 꿀템 PICK] 바캉스도 홈캉스도 OK…여름 휴가 추천템,"다가오는 여름, 바다로 산으로 떠나는 여행도 좋지만 시원한 집콕 휴식도 놓칠 수 없다. 이번 여름 휴가는 '바캉스'와 '홈캉스' 모두 만족스러운 시간이 되도록 준비해보자. 알리익스프레스에서는 아웃도어 아이템부터 무더위를 날려줄 여름 가전, 시원한 제철 먹거리까지 여름철","다가오는 여름, 바다로 산으로 떠나는 여행도 좋지만 시원한 집콕 휴식도 놓칠 수 없다. 이번 여름 휴가는 '바캉스'와 '홈캉스' 모두 만족스러운 시간이 되도록 준비해보자. 알리익스프레스에서는 아웃도어 아이템부터 무더위를 날려줄 여름 가전, 시원한 제철 먹거리까지 여름철 필수템을 엄선해 합리적인 가격에 선보인다. 감미로운 음악은 여름 휴가 분위기를 한층 더 특별하게 만들어준다. 필립스의 레인보우 블루투스 발광다이오드(LED) 스피커는 손바닥만 한 콤팩트 사이즈에 360도 전방향 사운드를 담았다. 바비큐 파티장이나 해변에서도 선명한 음악을 즐길 수 있다. 7시간까지 연속으로 재생이 가능하며 밤에는 무드등으로도 활용할 수 있도록 다양한 조명 모드가 더해져 분위기 조성에 안성맞춤이다. 디카팩 아쿠런 아쿠아슈즈는 바다·계곡·워터파크 등 물놀이 장소는 물론 스판덱스와 열가소성고무(TPR) 소재 조합으로 신축성과 통기성이 뛰어나 다양한 실내외 스포츠에 최적화돼있다. 남녀노소 누구나 신을 수 있는 다양한 사이즈와 6가지 색상으로 구성돼 가족 단위 여행에도 안성맞춤이다. 물놀이 용품을 효율적으로 챙기고 싶다면 용도 별로 나눠 수납할 수 있는 반반 메쉬백을 추천한다. 한쪽은 방수형, 다른 한쪽은 메쉬형으로 구성돼 물기가 있는 수영복이나 목욕 용품은 메쉬 공간에, 건조한 화장품이나 수건 등은 방수 공간에 나눠 담기 좋다. 중형·대형 2가지 사이즈 중 고를 수 있어 활용도가 높다. 여행과 일상 속 모두에서 유용하게 사용할 수 있는 제품이다. 아이가 있는 집이라면 여름마다 순한 선크림을 대용량으로 구비해 놓게 된다. 과일나라 알로에 선크림은 강력한 자외선 차단은 물론 알로에베라잎 추출물과 4가지 시카 성분이 함유돼 예민한 피부에도 안심하고 사용할 수 있다. 백탁 없이 촉촉하게 흡수되는 수분 베이스 제형으로 바를 때 부담이 없다. 3개 구성으로 온 가족이 함께 사용하기에 넉넉하다. 무더운 여름, 실내를 보다 쾌적하게 유지하고 싶다면 대웅의 투 웨이 서큘레이터형 선풍기를 추천한다. 2단 탈착형 스탠드를 적용해 스탠드형과 테이블형으로 자유롭게 변형이 가능하다. 공간에 맞게 높이를 조절할 수도 있어 다양한 장소에서 활용도가 높다. 군더더기 없는 깔끔한 디자인 덕분에 어떤 인테리어에도 자연스럽게 어울리는 실내 가전이다. 장마철에는 더위보다도 습기로 인해 더 불쾌감을 느끼기 마련이다. 클래파의 미니 멀티 제습기는 33㎡까지 커버 가능한 강력한 성능을 자랑한다. 콤팩트한 부피 덕에 옷장, 욕실, 침실 등 습기가 차기 쉬운 공간 어디든 배치할 수 있다. 저소음 설계로 수면에 방해가 없어 1인 가구는 물론 아이가 있는 집에서도 부담 없이 사용 가능하다. 더위를 달래 줄 여름 간식으로는 남녀노소 누구나 좋아하는 디핀다트 구슬아이스크림을 추천한다. 가장 사랑 받아온 4가지 맛인 레인보우·딸기·초코바나나·쿠키앤크림 중에서 고를 수 있다. 개별 포장이 돼있어 위생적이고 보관도 용이하다. 냉동실에 쟁여 두면 하나씩 꺼내 먹기 좋아 가족 모두가 만족할 만한 간식이다. 여름철 대표 간식으로 빼놓을 수 없는 것이 바로 수박이다. 꿀당도 국내산 하우스 수박은 산지 직배송 상품으로 신선도가 뛰어나며, 집 앞까지 배송돼 직접 무겁게 들고 올 필요가 없다. 제철 수박만을 엄선해 높은 당도와 수분을 자랑한다. 알리익스프레스에서는 올여름 바캉스를 떠나는 사람도, 시원한 집에서 홈캉스를 즐기는 사람도 모두 만족할 만한 상품을 선보이고 있다. 실속 있는 여름가전부터 감성 아웃도어 용품, 시원한 제철과일까지 마련했다. 더 스마트하게 여름을 즐기고 싶다면, 지금 바로 알리익스프레스 애플리케이션(앱)에서 다양한 제품과 혜택을 만나보자.",https://www.etnews.com/20250529000039,정치,2025-05-29 11:00:00+09:00
"이통 3사, 'AI-RAN 얼라이언스' 참여 완료…LGU+도 합류",국내 이동통신 3사가 인공지능(AI) 네트워크 글로벌 연합체인 'AI-RAN 얼라이언스' 합류를 완료했다. 삼성전자와 이통 3사 등 국내 기업은 6세대(6G) 이동통신 시대 초지능 네트워크 구현을 위한 AI-RAN 기술개발 및 상용화 경쟁에 적극 참여한다는 방침이다.,"국내 이동통신 3사가 인공지능(AI) 네트워크 글로벌 연합체인 'AI-RAN 얼라이언스' 합류를 완료했다. 삼성전자와 이통 3사 등 국내 기업은 6세대(6G) 이동통신 시대 초지능 네트워크 구현을 위한 AI-RAN 기술개발 및 상용화 경쟁에 적극 참여한다는 방침이다. 29일 업계에 따르면 LG유플러스는 지난달 AI-RAN 얼라이언스에 가입을 완료했다. 지난해 말 SK텔레콤, 올해 초 KT에 이어 LG유플러스까지 신규 회원사로 합류하면서 국내 이통 3사 모두 무선접속망(RAN)에 인공지능(AI)을 접목한 차세대 지능형 네트워크 구현에 속도를 내게 됐다. AI-RAN 얼라이언스는 AI와 통신 융합기술 활성화를 위해 MWC 2024에서 출범한 글로벌 민간 연합체다. 국내 기업·기관 중에서는 삼성전자가 창립멤버며 이통 3사를 비롯해 한국전자통신연구원(ETRI), 서울대 등도 일반 멤버로 참여 중이다. AI-RAN은 모바일 통신 시스템의 RAN에 AI 기술을 통합하는 것을 말한다. 단순한 자동화를 넘어 네트워크가 스스로 판단하고 진화할 수 있는 구조를 지향한다. 특히 6G 시대에는 네트워크 구조가 복잡화되고 운영 효율을 높이기 위한 트래픽 예측 등 초지능형 네트워크가 요구된다. SK텔레콤은 AI RAN을 통해 기지국 여유 자원을 AI 추론 서비스 등에 활용할 수 있도록 자원을 배분해주는 등 통신망 가치를 높이는 네트워크 AI 기술 개발에 집중하고 있다. 통신 네트워크가 생성형 AI 서비스를 위한 인프라 역할을 하기 위해서는 리소스 활용을 최적화하고 RAN의 성능을 높여야 한다. 무엇보다 5G 투자금을 충분히 회수하지 못한 통신사 입장에서 AI-RAN을 통해 네트워크 투자 비용을 효율화하고 새로운 수익 모델 발굴할 필요가 있다. 세계이동통신사업자연합회(GSMA)에 따르면 글로벌 통신사의 총수익은 2023년 1조1100억달러에서 2030년 1조2500억달러로 연평균 1.74% 성장에 그칠 것으로 추산된다. 반면 자본 투자액은 2030년까지 1조5000억달러로 수익을 넘어설 것이라는 관측이다. AI-RAN을 통해 RAN이 AI 응용 프로그램을 지원하는 역할을 하고 AI를 통해 무선 네트워크의 효율성과 성능을 극대화한다면 네트워크 투자 대비 이득을 높일 수 있을 전망이다. LG유플러스 관계자는 “AI-RAN 얼라이언스 가입을 통해 6G 시대 AI 랜에 대한 상용화 가능성을 검토할 예정”이라고 말했다.",https://www.etnews.com/20250529000079,정치,2025-05-29 10:07:06+09:00
"英 버티컬 에어로스페이스, '하늘 나는 택시' 첫 시험비행 성공","영국에서 하늘을 나는 택시가 27일(현지시간) 처음으로 일반 비행구역에서 첫 시험 비행을 성공적으로 마쳤다. 텔레그래프에 따르면, 영국 기업 버티컬 에어로스페이스가 개발한 VX4 전기 항공기가 이날 민간 항공청 승인을 받은 이후 코츠월드 공항 활주로를 이용해 이착륙했다","영국에서 하늘을 나는 택시가 27일(현지시간) 처음으로 일반 비행구역에서 첫 시험 비행을 성공적으로 마쳤다. 텔레그래프에 따르면, 영국 기업 버티컬 에어로스페이스가 개발한 VX4 전기 항공기가 이날 민간 항공청 승인을 받은 이후 코츠월드 공항 활주로를 이용해 이착륙했다. 비행은 엄격한 실험 조건을 벗어나 일반 비행 구역에서 운항한 첫 사례다. 버티컬 에어로스페이스는 도시 내 또는 도시 간 승객을 항공기로 운송하는 '비행 택시'를 개발하는 기업 중 한 곳이다. VX4는 전기로 구동되며, 활주로 이륙뿐 아니라 헬리콥터처럼 수직 이착륙도 가능하다. 또 프로펠러를 회전시켜 공중에서 정지 상태로 머물 수 있으며 전통적인 경량 항공기처럼 기울기도 가능하다. 조종사 1명과 승객 4명까지 태울 수 있으며 최대 약 160㎞의 비행 거리와 최대 시속 240㎞의 속도를 낼 수 있다. 버티컬 에어로스페이스는 조만간 VX4의 수직 이륙과 날개를 이용해 공중 정지 상태에서 순항 모드로 전환하는 기능을 입증한다는 계획이다. 영국 정부는 2028년까지 비행 택시를 현실화하는 걸 목표로 잡고 있다.",https://www.etnews.com/20250529000047,정치,2025-05-29 09:48:07+09:00
"머스크의 AI '그록', 텔레그램에 탑재…“1년간 파트너십”",일론 머스크의 인공지능(AI) 스타트업 xAI가 텔레그램과 사업을 협력하기로 했다고 파벨 두로프 텔레그램 최고경영자(CEO)가 28일(현지시간) 발표했다. 두로프 CEO는 이날 자신의 엑스(X·옛 트위터) 계정에 올린 글에서 “이번 여름 텔레그램 이용자들은 시장에서 최,"일론 머스크의 인공지능(AI) 스타트업 xAI가 텔레그램과 사업을 협력하기로 했다고 파벨 두로프 텔레그램 최고경영자(CEO)가 28일(현지시간) 발표했다. 두로프 CEO는 이날 자신의 엑스(X·옛 트위터) 계정에 올린 글에서 “이번 여름 텔레그램 이용자들은 시장에서 최고인 AI 기술에 접근하게 된다”며 “일론 머스크와 나는 xAI의 '그록'을 우리의 10억명이 넘는 이용자들에게 가져오고 모든 텔레그램 앱에 통합하기 위해 1년간의 파트너십을 체결했다”고 밝혔다. 이어 “이것은 텔레그램의 재무적 위치를 강화한다”며 “우리는 xAI에서 현금과 주식으로 3억달러(약 4126억원), 그리고 텔레그램을 통해 판매되는 xAI 구독 수익의 50%를 받을 것”이라고 덧붙였다. xAI 측은 이에 대한 블룸버그 통신 등 언론의 논평 요청에 응답하지 않았다. 텔레그램은 러시아와 우크라이나 등지에서 정부 관료와 군대가 사용하는 등 세계적으로 인기가 높다. 두로프는 프랑스에서 텔레그램 내 아동 음란물 유포·마약 밀매·조직적 사기 및 자금 세탁 등을 방치한 혐의 등으로 수사를 받고 있으며, 지난해 8월 프랑스에서 체포됐다가 보석금을 내고 석방됐다. 지난 3월엔 사법 당국의 일시 허가를 받아 텔레그램 본사가 있는 아랍에미리트(UAE) 두바이로 출국했다.",https://www.etnews.com/20250529000006,정치,2025-05-29 07:35:38+09:00
국내은행 건전성 지표 개선됐다,국내은행 건전성 지표인 국제결제은행(BIS) 기준 자본 비율이 올해 1분기에 상승했다. 29일 금융감독원이 공개한 '3월 말 은행지주회사 및 은행 BIS 기준 자본비율 현황'에 따르면 작년 말 총자본비율은 15.68%로 전 분기 말 대비 0.08%p 상승했다. 보통주자,"국내은행 건전성 지표인 국제결제은행(BIS) 기준 자본 비율이 올해 1분기에 상승했다. 29일 금융감독원이 공개한 '3월 말 은행지주회사 및 은행 BIS 기준 자본비율 현황'에 따르면 작년 말 총자본비율은 15.68%로 전 분기 말 대비 0.08%p 상승했다. 보통주자본비율은 13.20%로 전 분기 말보다 0.13%p 상승했고, 기본자본비율은 14.53%로 같은 기간 0.14%p 올랐다. BIS 기준 자본비율은 총자산(위험자산 가중평가) 대비 자기자본의 비율로, 은행 재무구조 건전성을 가늠하는 핵심 지표로 꼽힌다. 감독당국 규제 기준은 보통주자본비율 8.0%, 기본자본비율 9.5%, 총자본비율 11.5%다. 금감원은 “모든 국내은행이 자본규제비율을 크게 상회하는 등 양호한 수준”이라고 평가했다. 총자본비율 기준으로 KB·씨티·SC·카카오는 16.0%를 상회하며 매우 안정적인 모습을 보였으며 BNK는 14% 미만으로 상대적으로 낮은 수준이었다. 보통주자본비율 기준으로는 씨티·SC·카카오·토스 등은 14% 이상, KB·하나·신한·수출입·산업·케이 등이 13% 이상으로 상대적으로 높았다. 씨티(+0.51%p), iM(+0.31%p), 우리(+0.30%p) 등 대부분 은행은 전 분기 대비 보통주자본비율이 상승한 반면, 카카오(-1.16%p), 케이(-0.28%p), SC(-0.17%p), 수협(-0.15%p), 수출입(-0.04%p), BNK(-0.02%p) 6개 은행은 하락했다",https://www.etnews.com/20250529000005,정치,2025-05-29 07:30:21+09:00
[대선 D-5]양향자 “반도체 심장 용인에서 과학기술 주권 지켜야”…사전투표 마쳐,"국민의힘 양향자 공동선거대책위원장은 29일 오전 경기도 용인시 처인구 역북동행정복지센터 사전투표소에서 제21대 대통령선거 사전투표를 마쳤다. 양 위원장은 투표 직후 “과학기술이 곧 국력인 시대, 이를 지켜내기 위한 첫걸음은 바로 한 표에서 시작된다”며 “이번 총선은 단","국민의힘 양향자 공동선거대책위원장은 29일 오전 경기도 용인시 처인구 역북동행정복지센터 사전투표소에서 제21대 대통령선거 사전투표를 마쳤다. 양 위원장은 투표 직후 “과학기술이 곧 국력인 시대, 이를 지켜내기 위한 첫걸음은 바로 한 표에서 시작된다”며 “이번 총선은 단순한 정치적 선택을 넘어, 대한민국이 세계 기술 패권 경쟁에서 주도권을 쥐느냐의 분수령”이라고 강조했다. 양 위원장은 특히 “이곳 용인은 삼성전자의 '용인 첨단시스템반도체 국가산업단지'(약 728만㎡)와 SK하이닉스의 '용인 반도체 클러스터 일반산업단지'(약 415만㎡)가 함께 들어서는, 세계 최대 반도체 메가 클러스터의 중심지”라며 “이 땅에서 행사하는 한 표는 대한민국 미래산업의 심장을 찍는 것과 같다”고 말했다. 양 위원장은 “저는 반도체와 함께 살아온 사람이다. 그래서 별명도 '양도체'”라며 “김문수 후보가 제시한 '반도체 1등 대한민국', 'AI 3대 강국 도약' 공약은 단순한 구호가 아닌, 실행 가능한 전략”이라고 힘을 실었다. 김문수 후보는 반도체·AI·우주항공 등 첨단산업을 중심으로 한 '국가 전략산업 대혁신'을 핵심 공약으로 제시하고 있다. 특히 △반도체 메가 클러스터 조기 완공 △첨단 기술인력 양성 △AI 고도화 국가프로젝트 추진 등을 통해 대한민국을 기술 초강국으로 도약시키겠다는 구상을 내놨다. 양 위원장은 “용인의 미래를 넘어, 대한민국의 미래가 걸린 선거”라며 “사전투표에 꼭 참여해달라”고 유권자들의 참여를 당부했다. 한편 제21대 대통령선거 사전투표는 오늘부터 5월 30일(금)까지, 전국 사전투표소에서 오전 6시부터 오후 6시까지 진행된다.",https://www.etnews.com/20250529000004,정치,2025-05-29 07:21:26+09:00
"엔비디아, 1분기 매출 69% 급증…AI 수요에 월가 예측 상회","엔비디아는 2026 회계연도 1분기(2~4월) 실적으로 매출 440억6000만 달러(약 60조6000억원), 주당순이익 0.96달러(약 1320원)를 기록했다고 28일(현지시간) 밝혔다. 이는 시장조사 업체 LSEG가 집계한 월가 매출 예상치 433억1000만 달러,","엔비디아는 2026 회계연도 1분기(2~4월) 실적으로 매출 440억6000만 달러(약 60조6000억원), 주당순이익 0.96달러(약 1320원)를 기록했다고 28일(현지시간) 밝혔다. 이는 시장조사 업체 LSEG가 집계한 월가 매출 예상치 433억1000만 달러, 주당 순이익 예상치 0.93달러를 웃돌았다. 매출은 전년 동기 대비 69% 증가했고, 순이익도 같은 기간 26% 늘어난 149억 달러를 기록했다. 사업부문별로 살펴보면 인공지능(AI) 반도체를 담당하는 데이터센터 부문 매출이 전년 대비 73% 증가한 391억 달러를 기록했다. 매출 비중은 88%로 나타났다. 게임부문은 같은 기간 42% 증가한 38억 달러, 자동차·로보틱스 부문은 72% 늘어난 5억6700만 달러의 매출을 올렸다. 다음 분기(5~7월) 매출 전망치로는 450억 달러(±2%)를 제시했다. 이는 LSEG 전망치 459억 달러를 밑돌았다. 엔비디아는 최신 중국 시장에 대한 H20 칩 수출 제한으로 인해 분기 매출이 최대 80억 달러 줄어들 것으로 예상했다.",https://www.etnews.com/20250529000003,정치,2025-05-29 06:40:00+09:00
키 '110cm'···세상에서 가장 작은 英 체육교사 아시나요?,키가 110cm인 영국의 체육교사가 화제가 되고 있습니다. 영국 솔즈베리 출신의 코너 샌더슨(21)은 선천성 희귀질환인 '천골 무형성증'으로 태어나 허벅지뼈가 정상적으로 형성되지 않아 “오래 살기 어렵고 평생 걸을 수 없을 것”이라는 진단을 받았습니다. 하지만 그는 장,"키 ‘110cm’···세상에서 가장 작은 英 체육교사 키가 110cm인 영국의 체육교사가 화제가 되고 있습니다. 영국 솔즈베리 출신의 코너 샌더슨(21)은 선천성 희귀질환인 '천골 무형성증'으로 태어나 허벅지뼈가 정상적으로 형성되지 않아 “오래 살기 어렵고 평생 걸을 수 없을 것”이라는 진단을 받았습니다. 하지만 그는 장애를 딛고 일어섰습니다. 직접 걷는 것은 물론 휠체어 럭비 선수로 뛰고, 축구 코치로 활동하며 현재는 초등학교에서 체육 수업까지 맡고 있습니다. 코너 씨는 “세상에서 가장 키가 작은 축구 코치일지도 모른다”고 농담하며 자신보다 훨씬 큰 아이들 앞에서도 당당히 수업을 진행합니다. 처음에는 아이들이 웃거나 신기해하지만, 곧 그를 '선생님'으로 받아들인다고 합니다. 그는 “무릎이 없어서 줄넘기를 하진 못해도 말로는 충분히 가르칠 수 있어요”라며 장애가 가르침에 방해되지 않는다는 점을 강조했습니다. 아이들을 지도하는 영상이 SNS를 통해 퍼지며 누리꾼들에게 감동을 주었습니다. 코너 씨의 키에 대한 악성 댓글도 있었지만 그는 “저는 그냥 웃어넘겨요. 오히려 더 주목받을 수 있으니까요”라며 의연한 태도를 보였습니다.",https://www.etnews.com/20250528000419,정치,2025-05-29 06:00:00+09:00
“33개국 공짜로 여행”… 비법은 '신용카드 30장',"카드별 다양한 혜택을 활용해 적립한 포인트만으로 33개 나라를 여행한 30대 남성이 화제다. 26일(현지시간) CNBC에 따르면 베트남계 미국인 데이비드 도(33)는 사회복지사로 일하며 연봉 7만 8000달러(약 1억 1000만원)를 받고 있으며, 현재까지 온두라스,","카드별 다양한 혜택을 활용해 적립한 포인트만으로 33개 나라를 여행한 30대 남성이 화제다. 26일(현지시간) CNBC에 따르면 베트남계 미국인 데이비드 도(33)는 사회복지사로 일하며 연봉 7만 8000달러(약 1억 1000만원)를 받고 있으며, 현재까지 온두라스, 일본, 싱가포르, 노르웨이, 터키, 인도 등 총 33개국울 여행했다. 이렇게 많은 나라를 여행할 수 있었던 비결에 대해 그는 “돈을 많이 버는 것이 아니라 돈을 어떻게 쓰느냐가 중요하다”고 설명했다. 그는 스스스로를 '여행 해커'라고 부르며 신용카드 포인트 프로그램을 전략적으로 활용해 항공료·숙박비에서 무료나 할인 혜택을 받는다. 도는 현재 약 30장의 신용카드를 보유하고 있으며, 매달 어떤 카드가 어떤 혜택을 제공하는지에 따라 카드를 바꿔가며 사용한다. 예를 들어 지난 3월에는 식당에서 753달러를 썼는데, 모두 그달에 식사비 5% 적립을 해주는 디스커버 카드로 결제했고, 항공료나 기차표는 캐피탈원 여행 카드로, 아마존에서 주문한 것들은 아마존 체이스 카드로 결제하는 식이다. 이런 방식으로 도는 지난 2017년부터 지금까지 100만 포인트 이상을 사용했다. 또한 큰 지출이 예정돼 있을 때 신규 카드 발급을 통해 가입 보너스 포인트를 받는 전략도 활용한다. 등록금, 자동차보험료, 분기별 세금 등 큰 금액을 지불해야 할 때는 큰 가입 보너스를 제공하는 카드에 맞춰 시기를 조절한다. 그는 포인트로 일등석 항공권이나 호화 호텔을 예약하지 않는다. 그는 항상 이코노미석을 이용하며, 합리적인 소비를 원칙으로 한다. 현재 도는 약 37만 마일을 보유하고 있으며, 다음 여행지인 우즈베키스탄, 아제르바이잔, 조지아 여행 자금을 마련하기 위해 포인트를 모으고 있다. 그는 35세가 되기 전까지 35개국을 방문한다는 목표를 향해 나아가고 있다.",https://www.etnews.com/20250527000367,정치,2025-05-29 06:00:00+09:00
"토스, 시각장애인 대상 '맞춤형 금융교육' 실시",토스(대표 이승건)가 27일 서울 강동구에 위치한 한국시각장애인복지관에서 시각장애인을 대상으로 맞춤형 금융교육을 실시했다. 이번 교육은 한국시각장애인복지관과 협력해 시각장애인에게 실생활에 유용한 금융 지식을 전달하기 위해 마련됐다. 지난 4월 처음 시작된 이 교육 프로,"토스(대표 이승건)가 27일 서울 강동구에 위치한 한국시각장애인복지관에서 시각장애인을 대상으로 맞춤형 금융교육을 실시했다. 이번 교육은 한국시각장애인복지관과 협력해 시각장애인에게 실생활에 유용한 금융 지식을 전달하기 위해 마련됐다. 지난 4월 처음 시작된 이 교육 프로그램은 청소년과 청장년 시각장애인을 대상으로 내달 초까지 총 아홉 차례에 걸쳐 운영된다. 기존의 시각장애인 대상 경제교육은 안마사 등 특정 직업 활동에만 국한돼 있어 일상과 밀접한 맞춤형 금융교육 기회가 부족했다. 토스는 시각장애인의 금융 이해도와 재정 관리 능력 향상을 목표로 이번 프로그램을 기획했다. 교육에서는 토스가 만든 금융생활안내서인 '더 머니북' 등을 활용해 예산 관리, 소비 습관 점검, 저축과 투자 기초 등 실생활에 즉시 적용 가능한 금융 지식을 전달하고 있다. 토스 관계자는 “시각장애인을 포함한 모든 금융 소외 계층에게 실질적인 도움이 되는 것이 본 활동의 목적”이라며 “금융 사각지대를 밝히고 모두가 함께 성장하는 금융 생태계를 조성하는데 진정성 있는 노력을 다할 것”이라고 말했다.",https://www.etnews.com/20250529000266,경제,2025-05-29 13:33:30+09:00
"""국민으로서 첫 투표""…오드유스 마야, 인증샷 눈길",오드유스(ODD YOUTH)의 멤버 마야가 투표에 대한 감격을 드러냈다.  마야는 29일 서울 강남구 청담동에 위치한 사전투표소를 찾아 제21대 대통령선거에 소중한 한 표를 행사했다. 투표를 마친 후 마야는 공식 SNS,"오드유스(ODD YOUTH)의 멤버 마야가 투표에 대한 감격을 드러냈다. 마야는 29일 서울 강남구 청담동에 위치한 사전투표소를 찾아 제21대 대통령선거에 소중한 한 표를 행사했다. 투표를 마친 후 마야는 공식 SNS를 통해 투표 인증 사진과 함께 소감을 공유했다. 투표소 앞에서 밝은 미소를 지은 마야는 ""대한민국 국민으로서 첫 투표! 이렇게 사전투표하게 돼 정말 기뻐요!""라는 글을 게재했다.2006년 6월 출생으로 오드유스 멤버 중 유일하게 선거권을 보유한 마야는 소속사를 통해 ""모두가 건강하고 행복했으면 좋겠다. 대한민국의 미래를 응원하며 투표하게 돼 기쁘고 영광스럽다""라고 첫 투표 소감을 전했다.한편, 마야가 소속된 오드유스는 지난달 첫 번째 미니앨범을 발매하고 타이틀곡 'I Like You'로 각종 음악 방송과 다양한 프로모션 활동을 활발하게 펼쳤다.전자신문인터넷 이금준 기자 (aurum@etnews.com)",https://www.etnews.com/20250529000265,경제,2025-05-29 13:33:12+09:00
삼성전자서비스 '디스플레이 단품 수리' 지원센터 확대,삼성전자서비스가 친환경 서비스인 폴더블폰 디스플레이 단품 수리를 제공하는 서비스센터를 다음 달 1일부터 147곳에서 158곳으로 늘린다. 11개 신규 센터는 △서울 을지로·여의도 △경기도 용인구성 △강원도 태백 △충청도 북천안·세종 △경상도 거창·문경·상주·영덕·밀양이,"삼성전자서비스가 친환경 서비스인 폴더블폰 디스플레이 단품 수리를 제공하는 서비스센터를 다음 달 1일부터 147곳에서 158곳으로 늘린다. 11개 신규 센터는 △서울 을지로·여의도 △경기도 용인구성 △강원도 태백 △충청도 북천안·세종 △경상도 거창·문경·상주·영덕·밀양이다. 디스플레이 단품 수리는 디스플레이 부품, 테두리, 케이스 등을 분해해 필요한 부품만 교체하는 친환경 수리 방식이다. 부품을 하나씩 정밀하게 분해해 수리, 고도화된 전문 장비와 엔지니어의 높은 기술 역량이 필요하다. 사용할 수 있는 부품은 최대한 유지하며 교체를 최소화해 전자폐기물 배출을 줄인다. 고객의 수리비 부담도 경감한다. 디스플레이 단품 수리를 이용하면 수리비를 평균 26%, 최대 37%까지 절감할 수 있다. 올해 1월부터 4월까지 디스플레이 단품 수리를 이용한 고객은 전년 동기 대비 2배 이상 증가했다. 박성제 삼성전자서비스 기술팀장 상무는 “차별화된 갤럭시 사용 경험을 위해 서비스를 지속 강화하고 있다”며 “고객은 물론 환경까지 생각하는 서비스로 고객 만족을 실현하겠다”고 말했다.",https://www.etnews.com/20250529000264,경제,2025-05-29 13:33:02+09:00
"JTI코리아, 소외 이웃 위한 '여름맞이 김치 나눔' 실시",JTI코리아는 지난 27일 서울 강남구 구룡마을 일대에서 김치 수급에 어려움을 겪는 소외계층 이웃을 위한 여름맞이 김장 봉사활동을 진행했다고 29일 밝혔다. 이번 프로젝트는 배춧값과 김장 부재료비 상승 등으로 김치 수급에 어려움을 겪는 취약계층의 생계 안정을 돕기 위해,"JTI코리아는 지난 27일 서울 강남구 구룡마을 일대에서 김치 수급에 어려움을 겪는 소외계층 이웃을 위한 여름맞이 김장 봉사활동을 진행했다고 29일 밝혔다. 이번 프로젝트는 배춧값과 김장 부재료비 상승 등으로 김치 수급에 어려움을 겪는 취약계층의 생계 안정을 돕기 위해 기획됐다. JTI코리아는 사단법인 '해피피플'과 협력해 김치 지원을 해야 하는 가구들을 발굴하는 한편 임직원들과 직접 김장에 나섰다. 김장 봉사에 참여한 본사 및 수원 데포 임직원들은 절인 배추에 양념을 채워 넣고 김장 김치를 버무려 포장했다. 이날 담근 김치 약 800㎏은 해당 지역 내 도움이 필요한 가정 약 80곳에 전달된다. JTI코리아는 해피피플에 김치 나눔 지원금도 전달했다. 오는 8월까지 구룡마을과 서울 관악구 삼성동, 노원구 상계동 약 460가구에 김치를 추가로 전달하는 데 사용된다. 이리나 리 JTI코리아 사장은 “임직원들과 함께 준비한 김치가 지역사회 이웃들의 식비 부담을 조금이나마 덜기를 바란다”면서 “지역사회와 가깝게 소통하고 나눔을 실천하는 데 앞장서며 사회적 책임을 다하겠다”고 말했다.",https://www.etnews.com/20250529000263,경제,2025-05-29 13:31:18+09:00
"'우아기' 이규혁, 손담비 출산에 ""11시 11분 꼭 봐야 해""","국내 최초 출산 중계 버라이어티, TV CHOSUN &lsquo;우리 아기가 태어났어요&rsquo;에서 &lsquo;前 빙상 국가대표&rsquo; 이규혁이 자신을 승리로 이끌어준 &lsquo;숫자 1&rsquo; 징크스의 기운을 출산 당일 아내 손","국내 최초 출산 중계 버라이어티, TV CHOSUN ‘우리 아기가 태어났어요’에서 ‘前 빙상 국가대표’ 이규혁이 자신을 승리로 이끌어준 ‘숫자 1’ 징크스의 기운을 출산 당일 아내 손담비에게도 전파한다. 30일 방송되는 TV CHOSUN의 세상에 없던 출산 예능 ‘우리 아기가 태어났어요’에서는 손담비&이규혁 부부의 출산기가 공개된다. ‘전치태반’으로 제왕절개 출산을 준비하던 손담비는 “무사히 잘 끝났으면 좋겠다. 떨린다”며 긴장했다. 이에 남편 이규혁은 “시합 준비하는 날 같다. 느낌이 좋은 날이다. 이런 날 경기하면 1등이다”라고 너스레를 떨어 손담비의 긴장을 풀어주려 했다. 손담비 또한 “우리 수술하는 날짜도 4월 11일이고, 이 방이 701호니까 좋아하지”라며 ‘숫자 1’을 보면 일이 잘 풀린다는 이규혁의 징크스를 언급했다. 이규혁은 “선수 시절, 11월 11일 11시 11분에 시계를 봤는데 국제대회에서 우승했다. 그때부터 꼭 체크하게 됐다”며 1을 꼭 봐야만 직성이 풀리는 것을 고백했다. 그러던 순간 이규혁의 휴대폰 화면 시간이 ’11시 11분’을 가리켰다. 그는 출산을 코앞에 둔 아내 손담비에게도 ‘11시 11분’ 화면을 보여주며 “이걸 꼭 봐야 한다. 숫자 1 봤으니 아무 문제없을 거다”라고 자신있게 말했다. ‘이상한 징크스’를 신기해하면서도, 이규혁의 말 한마디에 손담비는 내심 마음을 놓으며 수술을 기다렸다.행운의 ‘숫자 1’ 징크스와 함께 모든 준비를 마친 손담비&이규혁 부부의 실제 출산기는 30일 밤 10시 방송되는 국내 최초 출산 중계 버라이어티 TV CHOSUN ‘우리 아기가 태어났어요’에서 공개된다.전자신문인터넷 이준수 기자 (junsoo@etnews.com)",https://www.etnews.com/20250529000262,경제,2025-05-29 13:30:52+09:00
공공 GPUaaS 1700억 경쟁 스타트…국내 기업간 경쟁,정부가 그래픽처리장치(GPU) 임차 사업에 추경으로 확보한 1700억원 가량을 투입한다. 국내 기업에 한해 참여 가능해 주요 서비스형 GPU(GPUaaS) 사업자가 관심을 보일 것으로 예상된다. 과학기술정보통신부와 정보통신산업진흥원(NIPA)은 GPUaaS 추경 사업,"정부가 그래픽처리장치(GPU) 임차 사업에 추경으로 확보한 1700억원 가량을 투입한다. 국내 기업에 한해 참여 가능해 주요 서비스형 GPU(GPUaaS) 사업자가 관심을 보일 것으로 예상된다. 과학기술정보통신부와 정보통신산업진흥원(NIPA)은 GPUaaS 추경 사업 관련 내용을 최근 공고했다. 이 사업은 1차 추경을 통해 확보한 예산 1700억원 가량을 투입해 GPU가 필요한 곳에 클라우드 방식으로 일정기간 임대를 지원하는 사업이다. 정부가 오는 2027년 문을 열 계획인 '국가AI컴퓨팅센터'에 투입될 GPU 구매·임차 사업과는 별개로 추진된다. 사업은 'GPU 임차지원'과 '고성능컴퓨팅공급' 두 개로 진행한다. 올해 신규 진행하는 GPU 임차사업은 오는 7월 선정 예정인 월드베스트LLM(WBL) 기업에 제공되는 GPU를 빌리는(임차) 사업이다. 과기정통부는 조만간 공고를 통해 WBL 기업 세 곳을 선정한다. 이들 기업에 최신 엔비디아 GPU인 B200을 포함해 H100(또는 H200) 등 기업당 1000장씩(H100 성능 기준)을 지원한다. WBL 지원 사업이 8월부터 시작되는 만큼 이 일정에 맞춰 GPU 임차사업자 선정도 진행하는 것이다. 이 사업에는 총 1500억원 가량을 투입한다. 트랙을 둘로 나눠 B200 임차 기업과 H100(또는 H200) 임차 기업 두 군데를 선정할 계획이다. 다만 기업 평가·선정 후 협상 과정에서 투입 금액이 줄어들 가능성도 있다. 정부는 공고안내서에 GPU 가격당 평가 점수를 담았다. 정부가 책정한 가격 기준으로 만점(20점)을 받으려면 1000억원 가량(트랙 합산)을 제출해야 한다. 고성능컴퓨팅공급 사업은 올 초 진행됐던 사업으로 이번 추경 예산을 통해 추가 임차 사업을 추진한다. 이 사업은 산학연 등 인공지능(AI) 연구가 필요한 곳에 GPU를 빌려주는 사업이다. 140억원 가량을 투입해 임차 사업자를 선정한다. 이 두 사업 모두 국내에 본사를 둔 기업만 참여 가능해 국내 GPUaaS 기업 간 경쟁이 펼쳐질 것으로 보인다. 현재 국내 GPUaaS 사업은 삼성SDS, NHN클라우드, 카카오엔터프라이즈 등 클라우드 사업자(CSP)와 SK텔레콤 등 이동통신사 등이 활발히 진행 중이다. 최근 아마존웹서비스(AWS)가 국내 GPUaaS 시장에 공격적으로 사업을 펼치고 있지만 국내 기업만 참여할 수 있어 이번 사업은 뛰어들 수 없을 것으로 보인다. 업계 관계자는 “국가AI컴퓨팅센터 사업에 참여하지 않는 GPUaaS 기업은 이번 사업에 모두 관심을 보일 것”이라며 “이번 사업 평가에서 큰 비중을 차지하는 요소가 GPU 임차 가격인만큼 가격 경쟁력이 있는 사업자가 유리할 것으로 보인다”고 말했다. 과기정통부와 NIPA는 이날 기업 대상 통합 설명회를 개최했다. 과기정통부 관계자는 “GPU임차사업의 경우 B200 등 최신 GPU 수급 여부에 따라 복수 사업자가 선정될 가능성도 있지만 기술 구현 등을 고려했을때 단일 사업자 선정 가능성이 높다”면서 “8월 1일 기준으로 WBL 사업자에 GPU 서비스가 시작돼야하기 때문에 평가 등 거쳐 이르면 7월 초 사업자를 선정할 계획”이라고 말했다.",https://www.etnews.com/20250529000203,경제,2025-05-29 13:30:00+09:00
"과기정통부, 1.6조원 GPU 확보·임차사업 설명회 개최",과학기술정보통신부가 정보통신산업진흥원(NIPA)과 29일 서울 삼성동 코엑스에서 클라우드 기업(CSP) 등을 대상으로 그래픽처리장치(GPU) 확보·임차사업 통합설명회를 개최했다. 올해 1차 추경을 통해 편성한 총 1조6300억원 규모 GPU 확보·임차사업의 이해를 돕기,"과학기술정보통신부가 정보통신산업진흥원(NIPA)과 29일 서울 삼성동 코엑스에서 클라우드 기업(CSP) 등을 대상으로 그래픽처리장치(GPU) 확보·임차사업 통합설명회를 개최했다. 올해 1차 추경을 통해 편성한 총 1조6300억원 규모 GPU 확보·임차사업의 이해를 돕기 위한 자리다. 사업 개요와 정책 방향을 설명하고 구체적 공모 절차와 평가기준, 지원 조건 등 사업 공모 세부 내용을 상세 안내했다. 속도감 있는 사업 추진을 예고하고 참여 기업과 질의응답도 진행했다. GPU 확보사업은 민·관 협력을 토대로 1조4600억원 규모 엔비디아 첨단 GPU를 확보하고 가동 인프라를 구축, 국내 산·학·연에 지원하는 것을 목표로 한다. 1723억원 규모 GPU 임차 사업은 국내 CSP가 보유한 GPU를 임차, 월드베스트LLM(WBL·가칭) 프로젝트와 국내 산·학·연 기반 인프라로 공급한다. 특히 국가인공지능(AI)컴퓨팅센터 특수목적법인(SPC) 컨소시엄 참여 기업에게 사업 우선권을 부여할 방침이다. 5년 단위 사업이며 GPU 확보 사업의 경우 향후 국가AI컴퓨팅센터로 운영·관리 권한을 이관하게 된다. 과기정통부와 NIPA는 오는 6월 4주차까지 GPU 확보와 임차를 위한 CSP 공모 접수를 완료하고 7월 중 평가·선정과 협약 체결 등을 마무리할 계획이다. 이를 바탕으로 첨단 GPU 확보·임차는 물론, 국내 산·학·연 등 대상 지원을 조속히 추진한다. 자세한 공모 내용은 과기정통부와 NIPA 홈페이지에서 확인할 수 있다.",https://www.etnews.com/20250529000112,경제,2025-05-29 13:30:00+09:00
'금쪽같은 내새끼' 사상 첫 재출연…연년생 형제 둘째가 위험하다?,'금쪽같은 내새끼' 방송 사상 처음으로 재출연이 성사된다. 오는 30일 방송되는 채널A &lsquo;요즘 육아 &ndash; 금쪽같은 내새끼&rsquo;에서는 &lsquo;2년 만의 재방문! 물고 뜯는 형제에겐 무슨 일이?!&rsquo; 사,"'금쪽같은 내새끼' 방송 사상 처음으로 재출연이 성사된다. 오는 30일 방송되는 채널A ‘요즘 육아 – 금쪽같은 내새끼’에서는 ‘2년 만의 재방문! 물고 뜯는 형제에겐 무슨 일이?!’ 사연이 공개된다. 이날 스튜디오에는 ‘금쪽같은 내새끼’ 방송 사상 최초로 ‘상처투성이로 살아가는 연년생 형제’의 부모가 재방문한다. 2년 전, 동생에게 공격성을 보여 스튜디오를 충격에 빠뜨린 건 첫째였지만, 이번에는 상황이 달라졌다는데. 재방문 이유는 첫째가 아닌, 둘째 때문이라고. 과연 2년 동안 금쪽이네에는 어떤 변화가 생긴 것인지 궁금증이 커진다.관찰된 영상에서는 이른 아침 스스로 일어나 등교 준비를 하는 첫째의 모습이 보인다. 금쪽이와 다정하게 밥을 먹고 함께 놀이터에 놀러 나가는 등 2년 전과는 완전히 다른 모습을 보여주는 첫째. 그 모습을 보고 스튜디오에는 뿌듯함이 감돈다. 하지만 좋은 분위기도 잠시, 둘째 금쪽이의 문제 행동이 보이기 시작하는데. 엄마에게 물건을 던지고, 얼굴에 침까지 뱉으며 울분을 주체하기 힘든 모습을 보이는 둘째의 모습에 오 박사는 “수위가 높은 상태”라며 금쪽이의 모습은 ‘이것’을 표현하는 것이라고 분석해 긴장감을 더한다.이어진 영상에서는 장난감을 정리하던 중 첫째가 금쪽이의 행동을 제지하자, 금쪽이가 장난감을 집어 던지는 모습이 포착된다. 손에 잡히는 물건들을 마구잡이로 던지는 금쪽이의 모습에 아빠가 결국 나서게 되고, 금쪽이의 팔을 잡아끌며 방으로 들어간 아빠는 금쪽이의 팔을 마치 수갑 채우듯 잡는다. 이후 훈육이 시작되자 금쪽이는 한참 동안 울다 급기야 구토까지 하며 “혼자 죽을 거야!”라며 울부짖는데. 이를 보던 오 박사는 아빠의 훈육 방식은 ‘이것’과 유사하다 지적해 모두를 놀라게 한다.한편, 부모의 훈육을 받은 금쪽이는 “나는 없어도 돼”, “(나 빼고) 셋이 가족이야” 등 안타까운 말들을 쏟아내는데. 금쪽이가 이런 자기 비하적 말을 내뱉는 이유는 무엇일지 오 박사의 분석에 귀추가 주목된다.가족을 거부하며 폭력성을 보이는 둘째 금쪽이에게 오 박사는 어떤 솔루션을 내려줄지 오는 30일 금요일 저녁 8시 10분, 채널A ‘요즘 육아 – 금쪽같은 내새끼’에서 확인할 수 있다.전자신문인터넷 이준수 기자 (junsoo@etnews.com)",https://www.etnews.com/20250529000261,경제,2025-05-29 13:29:35+09:00
"네이버페이 10주년 행사, 6월부터 시즌2 시작","네이버페이(대표 박상진)가 5월 말까지 10주년을 기념 행사를 진행하고, 6월부터는 개인화 콘텐츠와 10주년 기념 NFT 등 다양한 콘텐츠를 제공할 계획이다. 오는 31일까지 진행하는 프로모션은 온라인결제부터 현장결제까지 총 250여개 제휴사가 참여했고, 총 150억원","네이버페이(대표 박상진)가 5월 말까지 10주년을 기념 행사를 진행하고, 6월부터는 개인화 콘텐츠와 10주년 기념 NFT 등 다양한 콘텐츠를 제공할 계획이다. 오는 31일까지 진행하는 프로모션은 온라인결제부터 현장결제까지 총 250여개 제휴사가 참여했고, 총 150억원 규모의 혜택이 제공되었다. 한달 간 네이버페이 앱 이용자 수는 전년 동기 대비 102% 증가했다. 해외결제에 반응도 뜨겁다. 중국, 일본, 태국에서 진행한 첫 해외QR결제 혜택으로 신규 결제자 수가 전월 대비 25.6% 증가했다. 미국 DFS 면세점 할인 프로모션의 영향으로 미국 내 결제액은 전월 대비 350% 급증했다. 또한 오는 6월 11일부터 시작되는 시즌2에서는 AI를 활용해 네이버페이와 경험을 개인화한 초거대언어모델(LLM) 기반의 개인화 영상, NFT(대체불가토큰) 기반의 특별 프로모션 등을 선보인다. 이우람 네이버페이 책임리더는 “시즌2에서는 Npay와 함께해온 사용자 각자의 시간들을 요약한 영상과 NFT 기반의 이벤트 등 재미있게 참여할 수 있는 다양한 콘텐츠들이 기다리고 있으니 많은 기대 바란다”고 말했다.",https://www.etnews.com/20250529000260,경제,2025-05-29 13:28:44+09:00
"이것이 '美친 존재감'…백현진, '나인 퍼즐' 홀렸다","배우 백현진이 '나인 퍼즐'을 제대로 사로잡았다.  디즈니+의 오리지널 시리즈 '나인 퍼즐'은 10년 전, 미결 사건의 유일한 목격자이자 현직 프로파일러인 '이나'(김다미)와 그를 끝까지 용의자로 의심하는 강력팀","배우 백현진이 '나인 퍼즐'을 제대로 사로잡았다. 디즈니+의 오리지널 시리즈 '나인 퍼즐'은 10년 전, 미결 사건의 유일한 목격자이자 현직 프로파일러인 '이나'(김다미)와 그를 끝까지 용의자로 의심하는 강력팀 형사 '한샘'(손석구)이 의문의 퍼즐 조각과 함께 다시 시작된 연쇄살인 사건의 비밀을 파헤치는 추리 스릴러이다. 윤종빈 감독의 세련되고 감각적인 연출과 흥미진진한 스토리 전개로 첫 공개 후 국내외에서 뜨거운 호응을 얻고 있다. 지난 28일 공개된 '나인 퍼즐' 7회에서는 백현진이 이강현 역으로 출연, 호기심을 자극했다. 20년 전 살인사건 피해자에 대해 사실무근의 기사를 써 명예훼손 고소를 당한 후 자살했던 이강현의 사건을 조사하던 이나와 한샘은 현장 사진에서 퍼즐을 발견해 충격에 빠졌다. 그렇게 되면 퍼즐과 관련된 연쇄 살인의 첫 시작이 윤동훈이 아닌 이강현이 되는 것.백현진은 미친 존재감의 신스틸러답게 생활형 연기를 완벽하게 선보이며 첫 등장부터 시선을 사로잡았다. 잘나가던 기자에서 한없이 추락한 후 비참한 현실을 살고 있는 이강현 역을 맡아 흐트러진 겉모습과 비굴한 말투로 캐릭터의 현재 모습을 리얼하게 구현한 백현진의 사실성 짙은 연기는 극의 몰입감을 극대화하며 그의 죽음에 얽힌 비밀에 대한 궁금증을 높였다.이처럼 자신만의 역할을 다시 한 번 톡톡히 해낸 백현진은 현재 배우와 가수, 미술가로서 광범위한 재능을 자랑하며 다양한 분야에서 쉼 없는 열정과 도전으로 열일 행보를 선보이고 있다.한편, '나인 퍼즐'은 지난 28일 7-9회를 공개한 가운데 내달 4일 10-11회를 공개할 예정이다.전자신문인터넷 이금준 기자 (aurum@etnews.com)",https://www.etnews.com/20250529000259,경제,2025-05-29 13:28:44+09:00
"충남대, 웨어러블기기용 고분자 전고체 배터리 개발 연구 개발 기관에 선정",충남대가 아모그린텍·한국광기술원 등 주요 연구 개발기관과 함께 인체 밀착형 웨어러블기기용 전고체 리튬 고분자 배터리 개발에 나선다. 충남대학교(총장 김정겸)는 산업통상자원부가 최근 '고분자계 전고체 배터리 기술 개발 사업' 관련 주요 연구·개발 기관에 선정됨에 따라 대,"충남대가 아모그린텍·한국광기술원 등 주요 연구 개발기관과 함께 인체 밀착형 웨어러블기기용 전고체 리튬 고분자 배터리 개발에 나선다. 충남대학교(총장 김정겸)는 산업통상자원부가 최근 '고분자계 전고체 배터리 기술 개발 사업' 관련 주요 연구·개발 기관에 선정됨에 따라 대학은 올해부터 2028년까지 총 8억5000원의 연구비를 지원받는다고 29일 밝혔다. 산자부의 '고분자계 전고체 배터리 기술 개발 사업'은 급성장하는 소형 IT 및 웨어러블 기기 시장을 겨냥한 전고체 배터리 개발을 목표로 경량화·고에너지 밀도·고안전성을 동시에 달성함으로써 가벼우면서 충전 부담이 덜하고 화재 걱정이 없는 웨어러블 기기 시대를 앞당기기 위한 사업이다. 송우진 충남대 교수팀은 이번 사업을 통해 웨어러블기기용 전고체 배터리의 '고분자 전해질 기능화 및 양극 계면 안정화 연구'를 수행한다. 응용화학공학과 송승완 교수(전해질 전문가)와 류훈희 교수(양극 전문가)가 사업에 참여한다. 사업 책임자인 송우진 교수는 고분자 기반 이차전지 소재 분야 전문가로서 최근까지 차세대 배터리 분야인 고분자 전해질, 실리콘 바인더, 고안전성 분리막, 수계 아연이온 전지 연구를 중점적으로 수행해 왔다. 송우진 교수는 “최근 IT 기기 및 웨어러블 기기 시장이 폭발적으로 성장하며 이에 따른 고분자계 전고체 배터리의 경량화·고에너지 밀도·고안전성이 필요하다”라며 “이번 과제 수행을 통해 차세대 반고체 전해질 개발을 통해 현재 리튬이온 전지의 폭발 안정성 확보에 이바지하겠다”고 말했다. 산업부는 고분자계 전고체 배터리 기술 개발 사업인 '인체 밀착형 웨어러블기기용 전고체 리튬 고분자 배터리 개발' 사업에 올해부터 2028년까지 총 358억원(국비 250억원, 민간 108억원)을 투입할 예정이다.",https://www.etnews.com/20250529000258,경제,2025-05-29 13:28:35+09:00
"'편스토랑' 장신영 ""母 김치 자부심, 1년에 김장 5번""",&lsquo;신상출시 편스토랑&rsquo; 장신영과 친정엄마의 유쾌한 케미가 터진다. 오는 30일 방송되는 KBS 2TV &lsquo;신상출시 편스토랑&rsquo;(이하 &lsquo;편스토랑&rsquo;)에서는 최근 친정 부모님과 합가한 장신,"‘신상출시 편스토랑’ 장신영과 친정엄마의 유쾌한 케미가 터진다. 오는 30일 방송되는 KBS 2TV ‘신상출시 편스토랑’(이하 ‘편스토랑’)에서는 최근 친정 부모님과 합가한 장신영의 일상이 공개된다. 부모님과 함께 살며 여러모로 달라진 그녀의 일상이 금요일 저녁 안방에 따뜻함을 안겨줄 예정. 특히 티격태격하면서도 누구보다 서로를 위하는 장신영과 친정엄마의 ‘현실 모녀’ 모먼트와 케미가 웃음을 줄 것으로 기대된다. 이날 공개되는 VCR 속 장신영은 열무김치를 담그기 위해 거실을 점령한 친정엄마를 보고 놀랐다. 장신영은 “김장을 1년에 5번은 하는 것 같아”라며 엄마와 함께 열무를 다듬기 시작했다. 장신영의 친정엄마는 “원래 내가 담가 먹는 김치가 제일 맛있는 거야”라고 김치 자부심을 드러냈다.모녀는 함께 열무를 다듬으며 ‘현실 모녀’ 대화를 이어갔다. 열무김치 담그는 법을 배우라고 잔소리하는 친정엄마에게 장신영은 “김치 담그는 게 제일 어려워. 엄마가 해줘”라고 애교 섞인 응석을 부렸다. 장신영은 ‘편스토랑’에서 ‘반찬의 여왕’으로 불리지만, 김치만큼은 늘 친정엄마가 담가 직접 담가 본 적이 없다고. 장신영의 친정엄마는 “왜 그랴, 토 다네”라며 즉각 반격해 웃음을 줬다.이날 장신영 모녀가 함께 열무김치를 담그는 중간중간 장신영 친정엄마만의 오랜 내공이 담긴 특급 비법이 공개돼 눈길을 끌었다. 이와 함께 요리 과정 중 무엇이든 아끼고 절약하는 장신영 모녀의 ‘짠 DNA’도 포착됐다. 장신영 친정엄마는 채소 삶은 물을 버리지 않고 재사용했다. 이는 평소 늘 장신영이 보여줬던 모습. 심지어 어머니는 조금 남은 김장 양념도 버리지 않고 얼려 두었다가 또 사용하기도. 친정엄마와 장신영의 알뜰살뜰 ‘짠DNA’ 모먼트에 현장은 웃음바다가 됐다.한편 장신영 친정엄마는 유쾌한 입담도 자랑했다. 식사 준비를 앞두고 딸에게 “밥은 내가 해 줄게. 너는 돈을 버니까”라고 말했다. 이어 공개된 장신영 친정엄마의 딸을 위한 특별 레시피에 ‘편스토랑’ 스튜디오가 발칵 뒤집혔다는 전언이다. 알뜰함까지 꼭 닮은 장신영 모녀의 이야기는 5월 30일 금요일 저녁 8시 30분 방송되는 KBS 2TV ‘신상출시 편스토랑’에서 만나볼 수 있다.전자신문인터넷 이준수 기자 (junsoo@etnews.com)",https://www.etnews.com/20250529000256,경제,2025-05-29 13:28:09+09:00
"[ET라씨로] 하이브, 방시혁 의장 '사기적 부정거래 혐의' 조사에 약세",하이브의 창업자이자 최대주주인 방시혁 의장이 사기적 부정거래 혐의로 조사를 받고 있다는 소식으로 하이브 주가가 하락세다. 29일 오후 1시 25분 기준 하이브(352820) 주가는 전 거래일 대비 1.43% 하락한 27만 5000원에 거래되고 있다. 전날 금융투자업계에,"하이브의 창업자이자 최대주주인 방시혁 의장이 사기적 부정거래 혐의로 조사를 받고 있다는 소식으로 하이브 주가가 하락세다. 29일 오후 1시 25분 기준 하이브(352820) 주가는 전 거래일 대비 1.43% 하락한 27만 5000원에 거래되고 있다. 전날 금융투자업계에 따르면 금융감독원(금감원)은 방 의장이 하이브 상장 과정에서 주주에게 기업공개(IPO) 계획이 없다고 속이면서 회사 상장을 추진한 정황을 확보하고, 자본시장법상 사기적 부정거래 혐의로 조사 중이다. 업계에 따르면 방 의장은 2020년 하이브를 상장하기 전 방 의장 지인이 설립한 사모펀드(PEF)와 지분 매각 차익의 30%를 공유하기로 계약하고, 상장 이후 4000억원가량을 정산받았다고 알려졌다. 해당 계약은 증권신고서에 기재되지 않았다. 사모펀드는 기관투자자, 벤처캐피털(VC) 등 기존 투자자로부터 하이브 주식을 사들인 것으로 알려졌다.",https://www.etnews.com/20250529000255,경제,2025-05-29 13:27:28+09:00
"[대선 D-5] 이준석, 첫날 지역구 화성서 사전투표…“대한민국 젊게 바꾸겠다”",이준석 개혁신당 대선 후보가 21대 대선 사전투표 첫날인 29일 자신의 지역구인 경기 화성시 동탄9동 행정복지센터에 마련된 사전투표소에서 투표했다. 이준석 후보는 투표 후 기자들과 만나 “집에서 가장 가까운 투표소이기에 이곳에서 사전 투표를 마쳤다”고 말했다. 이 후보,"이준석 개혁신당 대선 후보가 21대 대선 사전투표 첫날인 29일 자신의 지역구인 경기 화성시 동탄9동 행정복지센터에 마련된 사전투표소에서 투표했다. 이준석 후보는 투표 후 기자들과 만나 “집에서 가장 가까운 투표소이기에 이곳에서 사전 투표를 마쳤다”고 말했다. 이 후보는 “동탄은 지난 총선에서 전국에 이름을 알린, 정치 변화의 열정을 가장 보여준 선거구”라며 “그런 열망을 담아서 이번에도 정치·세대·시대 교체를 이뤄내겠다는 마음으로 선거에 임하고 있다”고 강조했다. 이어 “아직 투표에 참여하지 않은 동탄 주민과 대한민국 국민 여러분 모두 소중한 한 표로 대한민국을 바꾸는 선택을 해달라”며 “젊게 바꾸겠다”고 덧붙였다. 이 후보는 이날 경기 판교, 서울 성북구 안암동 등 대학가, 종로3가 포차 거리를 돌며 20·30 세대를 상대로 사전투표를 독려하는 유세에 나설 예정이다.",https://www.etnews.com/20250529000254,경제,2025-05-29 13:27:23+09:00
"BNK투자증권, 초등학교 대상 '1사 1교 금융교육' 실시","BNK투자증권(대표 신명호)은 22일부터 23일까지 양일간, 인천 소재 아라초등학교와 함께 '1사 1교 금융교육'을 실시했다고 29일 밝혔다. '1사 1교 금융교육'은 금융회사가 초·중·고교와 결연을 맺고 학교를 방문해 학생들의 올바른 금융 인식과 생활 습관 형성을 돕","BNK투자증권(대표 신명호)은 22일부터 23일까지 양일간, 인천 소재 아라초등학교와 함께 '1사 1교 금융교육'을 실시했다고 29일 밝혔다. '1사 1교 금융교육'은 금융회사가 초·중·고교와 결연을 맺고 학교를 방문해 학생들의 올바른 금융 인식과 생활 습관 형성을 돕는 금융감독원 주최 프로그램이다. BNK투자증권은 이번 교육을 통해 아라초등학교 2학년 10개 학급, 총 230여 명의 학생을 대상으로 돈의 개념, 계획적 소비, 합리적인 사용 방법 등에 대한 기초 금융교육을 진행했다. 박두희 BNK투자증권 금융소비자보호총괄책임자는 “어린 시절부터 금융에 대한 기본 개념을 익히는 것이 무엇보다 중요하다”면서 “앞으로도 BNK투자증권은 조기 금융교육을 지속적으로 실시해 올바른 금융 습관 형성과 금융소비자 보호에 힘쓸 계획”이라고 말했다.",https://www.etnews.com/20250529000253,경제,2025-05-29 13:27:15+09:00
"스타벅스, 스페셜 스토어 '광장마켓점' 오픈…“시간을 추출하는 커피상회”","스타벅스 코리아는 광장시장에 스타벅스의 12번째 스페셜 스토어이자 전통시장 내에 오픈하는 두 번째 매장인 광장마켓점을 선보인다고 29일 밝혔다. 광장마켓점은 100년 이상의 역사와 전통을 간직한 대한민국 최초의 상설시장인 광장시장이 가진 맛과 멋을 매장에 담아내고, 전","스타벅스 코리아는 광장시장에 스타벅스의 12번째 스페셜 스토어이자 전통시장 내에 오픈하는 두 번째 매장인 광장마켓점을 선보인다고 29일 밝혔다. 광장마켓점은 100년 이상의 역사와 전통을 간직한 대한민국 최초의 상설시장인 광장시장이 가진 맛과 멋을 매장에 담아내고, 전통시장에 활기를 불어넣기 위해 스타벅스의 특화 매장인 스페셜 스토어로 기획되었다. 국내외 다양한 연령대의 고객이 방문하는 광장시장의 특성을 반영해 '시간을 추출하는 커피상회'라는 레트로 콘셉트다. 마치 원두를 블렌딩하듯 광장시장이 가진 100년의 시간을 블렌딩한 색다른 공간으로 탄생시켰다. 이를 위해 매장 곳곳에 빈티지 느낌의 한글 간판과 현판, 시장의 철문, 포목(베와 무명)을 연상시키는 인테리어 요소 등을 적용했다. 광장마켓점은 루프탑과 지상 1, 2층 등 전체 좌석 수 250여 석 규모로, 각 층별로 경험할 수 있는 공간과 메뉴를 다르게 구성했다. 1층은 시장이라는 공간에 정통 커피 하우스로서의 스타벅스를 인테리어에 반영했다. 테이크아웃 주문으로 운영되며, 시원한 콜드 브루와 부드러운 풍미의 나이트로 콜드 브루를 이용할 수 있는 콜드 브루 바를 별도로 운영한다. 2층에서는 국내 아티스트들과 협업한 벽화, 아트웍 등의 인테리어를 통해 스타벅스와 광장시장의 헤리티지를 느낄 수 있도록 했다. 3층 루프탑에서는 광장시장 간판과 벽에 한글로 새겨진 스타벅스 문구를 배경으로 매장을 방문하는 고객들이 기념사진을 남길 수 있도록 했다. 광장마켓점의 오픈을 기념해 특화 음료와 푸드, MD 상품도 출시한다. 오직 광장마켓점에서만 즐길 수 있는 '골든 만다린 홉 피지오'는 감귤 풍미의 시원한 에이드 음료로, 마치 매장의 루프탑에서 청량한 맥주를 마시는 듯한 기분을 느낄 수 있도록 개발됐다. 한편, 광장마켓점은 앞서 2022년 12월 경동시장 내 60년된 폐극장을 리모델링해 오픈한 커뮤니티 스토어 5호점인 경동1960점에 이어 두 번째로 전통시장에 입점하는 매장이 됐다. 커뮤니티 스토어 10호점인 광장마켓점은 광장시장의 활성화를 목적으로 매장에서 판매되는 모든 품목당 300원의 상생 기금을 적립하며, 해당 기금은 광장시장 상생협의회와 협의를 거쳐 시장 내 상생활동에 사용될 예정이다. 손정현 스타벅스 대표이사는 “이번 광장마켓점을 통해 상인분들과 동반 성장하는 상생의 공간이 되길 바란다”라며 “매장 오픈 이후에도 지역사회와 상생을 도모하는 다양한 프로그램을 지속 선보이겠다”라고 말했다.",https://www.etnews.com/20250529000252,경제,2025-05-29 13:27:09+09:00
'용형4' 40여곳 찔린 원룸촌 20대 청년…연쇄살인범 정체는?,"&lsquo;용감한 형사들4&rsquo;에서 형사들이 참혹한 사건을 끝까지 추적한다. 오는 30일 방송되는 티캐스트 E채널 &lsquo;용감한 형사들4&rsquo;(연출 이지선) 36회에서는 송영범 형사, 안재환 형사와 과학수사대(K","‘용감한 형사들4’에서 형사들이 참혹한 사건을 끝까지 추적한다. 오는 30일 방송되는 티캐스트 E채널 ‘용감한 형사들4’(연출 이지선) 36회에서는 송영범 형사, 안재환 형사와 과학수사대(KCSI) 윤외출 전 경무관, 김진수 경감이 출연해 직접 해결한 수사 일지를 공개한다. 이날 방송에서는 의문의 살인 사건과 우연한 불심검문에서 밝혀진 소름 끼치는 연쇄살인의 실체를 다룬다. 먼저 한 원룸촌 관리인이 건너편 창문에 사람 발이 보인다는 민원을 받았다는 신고로 시작된다. 출동한 수사팀은 입구에 흥건한 혈흔과 한 남성이 엎드린 채 숨져 있는 모습을 발견한다. 깨진 소주병과 두 개의 소주잔, 서로 다른 담배꽁초 등 누군가와 다툼이 있었음을 짐작하게 했다. 피해자는 20대 청년으로 정수리부터 목과 등까지 40곳이 넘는 자창이 확인됐다.피해자의 컴퓨터와 휴대전화, 신용카드가 사라진 가운데 수색 중 영수증 한 장이 발견된다. 신고 이틀 전 새벽, 인근 노래방에서 결제 후 취소된 내역이었다. CCTV 확인 결과 피해자가 한 남성과 함께 귀가하는 장면이 포착된다. 이후 피해자는 절친과 술을 마신 것으로 드러나는데, 과연 그 친구가 끔찍한 살인을 저지른 것일까, 누구도 예상치 못한 범인의 정체가 밝혀진다.이와 함께 과학수사대의 사건도 공개된다. 순찰 중 수상한 남성을 발견한 경찰이 신분증 검문에 나서자 그는 다른 사람의 신분증을 내민다. 세 대의 휴대전화를 소지한 남성의 차량 트렁크에서는 외장하드를 비롯해 수술용 장갑, 칼 세 자루, 여성 속옷 심지어 직접 만든 듯한 성기 모형의 성인용품까지 발견된다.외장하드에는 수많은 가학적인 성범죄 영상과 23장의 신분증 사진이 저장돼 있었으며, 그중 한 명은 8년 전 사망한 피해자로 확인된다. 당시 피해 여성은 반나체 상태로 자택에서 숨진 채 발견됐고 사후 유린 정황까지 드러난 바 있다.형사들의 끈질긴 심문 끝에, 남성은 14년 전 자신만의 ‘놀이터’에서 벌인 끔찍한 범죄를 흘리듯 털어놓는다. 14년간 속옷 절도범으로 살아온 연쇄살인범의 충격적인 정체는 ‘용감한 형사들4’ 방송에서 확인할 수 있다.한편 ‘용감한 형사들4’는 매주 금요일 밤 9시 50분에 방송되며, 넷플릭스, 티빙, 웨이브 등 주요 OTT에서도 공개된다. E채널 공식 유튜브와 인스타그램에서도 프로그램에 대한 생생한 소식과 영상을 만나볼 수 있다.전자신문인터넷 이준수 기자 (junsoo@etnews.com)",https://www.etnews.com/20250529000250,경제,2025-05-29 13:26:54+09:00
"KT&G 상상마당, 20주년 기념 '독립문화기획자 지원 프로젝트' 공모",KT&amp;G 상상마당은 20주년을 맞아 오는 30일까지 문화기획자들의 창작활동을 지원하기 위한 '독립문화기획자 지원 프로젝트' 공모를 진행한다고 29일 밝혔다. 이번 프로젝트는 미술·음악·무용·공예 등 다양한 예술 장르 기획 콘텐츠를 대상으로 한다. 공모는 접수와 세부내용,"KT&G 상상마당은 20주년을 맞아 오는 30일까지 문화기획자들의 창작활동을 지원하기 위한 '독립문화기획자 지원 프로젝트' 공모를 진행한다고 29일 밝혔다. 이번 프로젝트는 미술·음악·무용·공예 등 다양한 예술 장르 기획 콘텐츠를 대상으로 한다. 공모는 접수와 세부내용 확인은 상상마당 공식 홈페이지에서 할 수 있다. '프로젝트 적합성, 독창성, 실현가능성' 등을 기준으로 전문위원들의 면밀한 심사를 거쳐 최종 우수 기획안을 선정한다. 최종 선정자에는 상금과 함께 전시 공간, 제작 지원 등 다양한 혜택을 제공한다. KT&G 관계자는 “이번 프로젝트는 상상마당 20주년 기념사업 중 하나”라면서 “문화예술 저변확대와 발전을 위해 다양한 지원사업을 꾸준히 펼치겠다”고 말했다.",https://www.etnews.com/20250529000251,경제,2025-05-29 13:26:52+09:00
"생명연, 인공혈액 성과 앞당길 '차세대 면역결핍 미니돼지' 개발","전 세계적으로 혈액부족 현상이 사회 문제로 급부상하는 가운데, 우리 연구진이 면역결핍 미니돼지 성과를 냈다. 한국생명공학연구원(원장 권석윤)은 김선욱 미래형동물자원센터 박사팀이 유전체편집과 형질전환·체세포핵치환 기법으로, 고도로 면역결핍된 미니돼지를 세계 최초 개발했다","전 세계적으로 혈액부족 현상이 사회 문제로 급부상하는 가운데, 우리 연구진이 면역결핍 미니돼지 성과를 냈다. 한국생명공학연구원(원장 권석윤)은 김선욱 미래형동물자원센터 박사팀이 유전체편집과 형질전환·체세포핵치환 기법으로, 고도로 면역결핍된 미니돼지를 세계 최초 개발했다고 29일 밝혔다. 미니돼지는 체격이 큰 중대형 실험동물(중대동물)로 혈액량이 많고 장기 크기와 생리학적 특징이 인간과 유사하다. 체 내에서 인간 혈액을 재생시키는 최적의 동물이다. 이런 미니돼지에 인간 조혈줄기세포와 같은 이종세포를 생착시켜 재생을 유도하려면 T-세포, B-세포, NK-세포 등이 없는 면역결핍 상태여야 한다. 거부반응을 막기기 위해서다. 미국, 일본 등 주요국이 지난 10여 년간 이를 위해 관련 연구를 진행했으나, 림프구 결핍 표현형만 보이는 단순 중증복합면역결핍(SCID) 동물모델만 개발하고 있어 보다 광범위하고 고도화된 면역결핍 미니돼지 개발이 필요했다. 연구팀은 유전자가위(CRISPR/Cas9)를 활용해 미니돼지 최초로 JAK3(주로 백혈구 등 면역세포에서 발현되는 티로신 키나아제) 유전자를 결손시킨 모델을 생산하고 특징을 분석했다. 그 결과 기존 개발된 미니돼지보다 T-세포, B-세포, NK-세포와 같은 림프구 결핍은 물론 단핵구 감소 및 대식세포 기능 저하와 같은 골수종 세포 이상과 흉선 결손, 장 면역 손상 등 보다 광범위적으로 고도화된 면역결핍 특징을 보였다. 이는 고도 면역결핍을 통해 미니돼지에서도 쥐와 같이 세포·조직의 인간화가 가능한 첨단모델동물 또는 생체 재생공장 개발이 가능해졌음을 의미한다. 또 인간 줄기세포, 전구세포 등 이식을 통해 인공혈액, 인공심장, 인공췌장과 같은 차세대 바이오인공장기 개발 가속화에 크게 기여할 수 있을 것으로 기대된다. 김선욱 박사는 “이번 연구성과로 사람의 혈액을 중대동물의 생체 내에서 재생시키는 인공혈액 개발과 같은 차세대 바이오인공장기 연구개발이 가속화될 것”이라며, “그동안 인간화 연구가 필요했던 미니돼지 분야의 장벽들을 하나씩 허물게 하는 중요한 전환점으로 향후 면역결핍 미니돼지를 안정적으로 유지관리하고 활용할 수 있는 첨단 인프라의 구축에 매진하여 첨단바이오/재생의학 분야에서 새로운 글로벌 초격차 창출에 성심을 다하겠다”고 밝혔다. 이번 연구는 저널 오브 어드밴스드 리서치 4월 23일자 온라인 판에 게재됐다.",https://www.etnews.com/20250529000249,경제,2025-05-29 13:26:01+09:00
'가오정' 이준영 게스트 출격…고정 노리는 육각형 인재,"&lsquo;가는정 오는정 이민정&rsquo; 육각형 인재 이준영이 게스트로 출격한다. 오는 30일 방송되는 KBS 2TV &lsquo;가는정 오는정 이민정&rsquo;(이하 &lsquo;가오정&rsquo;)에서는 정남매 5인(이민정, 붐, 안재현","‘가는정 오는정 이민정’ 육각형 인재 이준영이 게스트로 출격한다. 오는 30일 방송되는 KBS 2TV ‘가는정 오는정 이민정’(이하 ‘가오정’)에서는 정남매 5인(이민정, 붐, 안재현, 김정현, 김재원)이 정을 주고받기 위해 강원도 삼척의 산골마을로 향한다. 첫 슈퍼카 영업 때보다 한층 가까워진 정남매의 케미가 기대되는 가운데 드디어 ‘가오정’ 첫 게스트도 출격하는 것으로 알려져 주목된다. 그 주인공은 2025년 종횡무진 활약 중인 대세 배우 이준영이다. 이날 정남매는 산골마을로 향하기 전 점심식사를 위해 식당에 모인다. 이때 이민정과 붐이 “오늘 또 막내가 오기로 했다”, “고정으로 갈 수도 있고”라며 막내 김재원 몰이를 시작한다. 순간 동공지진을 일으키며 당황하는 김재원 덕분에 현장은 웃음바다가 된다.이때 정남매의 두 번째 슈퍼카 영업을 함께할 게스트 이준영이 등장한다. ‘폭싹 속았수다’ 속 비련의 첫사랑남은 물론 ‘약한 영웅’, ‘마스크걸’, ‘D.P’ 등 화제의 작품에서 악역 연기를 펼치며 화제를 모은 배우 이준영. KBS ‘헬스클럽’을 통해 코믹 연기까지 도전하며 다채로운 매력을 발산 중이다.이준영은 이날 등장부터 극 내향인(I) 면모를 보여준다. 이에 놀란 정남매가 어떻게 작품에서 그렇게 소름 돋는 악역 연기를 펼치는지 묻자 이준영은 “’액션’과 함께 카메라가 돌면 합법적으로…”라며 상상초월 폭탄 발언을 해 모두를 놀라게 한다.그런가 하면 이날 이준영은 아이돌 출신답게 놀라운 댄스 실력도 공개한다. 붐과 즉석에서 프리스타일 댄스 배틀을 펼치는 것. 수줍은 미소와 상반되는 이준영의 폭발적인 댄스 실력에 정남매는 입을 쩍 벌리고 감탄한다. 여기저기서 “美쳤다!”, “찢었다”, “멋있다” 등 감탄이 쏟아지기도. 나름 아이돌 그룹 출신을 자부하는 붐이 절로 고개 숙인 이준영의 춤 실력은 ‘가오정’ 본방송에서 확인할 수 있다.이와 함께 이준영의 넘치는 손자美도 만날 수 있다. 이준영은 슈퍼카를 찾은 마을 주민들을 다정하고 살뜰하게 챙긴다. 귀여운 목소리에 스윗함까지 겸비한 이준영의 매력에 민정 대장의 얼굴에도 미소가 피어난다. 일이면 일, 춤이면 춤, 케미면 케미 모두 다 잘하는 육각형 인재 게스트 이준영의 활약은 5월 30일 금요일 밤 10시 방송되는 KBS 2TV ‘가는정 오는정 이민정’에서 공개된다.전자신문인터넷 이준수 기자 (junsoo@etnews.com)",https://www.etnews.com/20250529000248,경제,2025-05-29 13:25:37+09:00
[포토] 나란히 한표씩,제21대 대통령선거 사전투표가 시작된 29일 서울 마포구 용강동 사전투표소에서 유권자가 사전투표에 참여하고 있다.,제21대 대통령선거 사전투표가 시작된 29일 서울 마포구 용강동 사전투표소에서 유권자가 사전투표에 참여하고 있다. 김민수기자 mskim@etnews.com,https://www.etnews.com/20250529000247,경제,2025-05-29 13:25:28+09:00
"KTL, 한-콜롬비아 디지털 계량협력 이끈다…정책간담회 개최",한국산업기술시험원(KTL)은 서울 구로 롯데시티호텔에서 '한-콜롬비아 정책 간담회 및 기술 교류'를 개최한다고 29일 밝혔다. 이번 행사는 기획재정부와 한국개발연구원(KDI) 국제개발협력센터가 주관하는 '경제발전경험 공유사업(KSP)'의 일환으로 열렸다. KSP는 한국,"한국산업기술시험원(KTL)은 서울 구로 롯데시티호텔에서 '한-콜롬비아 정책 간담회 및 기술 교류'를 개최한다고 29일 밝혔다. 이번 행사는 기획재정부와 한국개발연구원(KDI) 국제개발협력센터가 주관하는 '경제발전경험 공유사업(KSP)'의 일환으로 열렸다. KSP는 한국의 산업화·표준화·디지털 전환 경험을 개발도상국에 공유하는 대표 정책자문 프로그램이다. 콜롬비아는 2012년과 2017년에 이어 올해 세 번째로 참여하며 디지털 계량체계 구축을 위한 후속사업을 추진 중이다. 이날 간담회에는 주한 콜롬비아 대사와 콜롬비아 정부 및 산업계 고위 관계자, 한국에서는 국가기술표준원, KDI, 중소기업기술정보진흥원, 현대경제연구원 등이 참석했다. 간담회에서는 한국의 디지털 전환 사례와 기술 운영 경험이 집중 공유됐다. 국가기술표준원이 사실상표준 기반 정책을 소개했고 세종대는 기후변화 대응을 위한 환경 분야 디지털 기술을 발표했다. 현대제철은 가상센서를 활용한 디지털 트윈 기술을, 중기부 산하 기관은 중소기업 제조혁신과 글로벌 협력 방안을 제시했다. 콜롬비아는 특히 디지털 성적서 발급, 음향 계측 장비 표준화, 스마트팩토리 인력 양성 등에 높은 관심을 나타냈다. 이번 간담회를 통해 콜롬비아는 디지털 계량·환경·제조 혁신 등 다분야 융합전략을 본격 추진할 수 있는 기반을 확보했다는 평가다. 송태승 KTL 디지털산업본부장은 “이번 간담회는 디지털 전환 성공사례를 중심으로 한국과 콜롬비아 간 양방향 협력의 계기가 됐다”며 “지속가능한 글로벌 전략 기반 구축에 박차를 가하겠다”고 밝혔다.",https://www.etnews.com/20250529000246,경제,2025-05-29 13:24:39+09:00
"'잘파세대 음악 천재'의 브이로그…진초이, '알랑말랑' 기대 증폭","'16세 천재 싱어송라이터' 진초이(ZIN CHOI)의 특별한 행보가 눈길을 끈다.  진초이는 오는 6월 3일 첫 싱글 '알랑말랑(allang mallang)'의 발매를 앞두고, 29일 자신의 유튜브 채널을 통해 관련 브이로그 영상을","'16세 천재 싱어송라이터' 진초이(ZIN CHOI)의 특별한 행보가 눈길을 끈다. 진초이는 오는 6월 3일 첫 싱글 '알랑말랑(allang mallang)'의 발매를 앞두고, 29일 자신의 유튜브 채널을 통해 관련 브이로그 영상을 선보였다. 그는 독립 레이블 '22'를 설립하며 홀로서기에 나선 바 있다. 이번 영상에서 진초이는 직접 나레이션을 맡아 공연 활동과 개인적인 이야기를 재기발랄하게 풀어내고, 앞으로의 계획까지 전한다. 스스로 편집한 감각적이고 독창적인 영상미는 10대만의 섬세한 감성을 고스란히 담아내고 있다.진초이는 디지털 환경에 능숙한 '잘파세대'(Z세대와 알파세대의 합성어)를 대표하는 천재 싱어송라이터로, 작사와 작곡은 물론 뮤직비디오 제작, 비주얼 디렉팅, 커버 아트 디자인까지 직접 소화해내는 다재다능한 아티스트다.'알랑말랑'은 진초이가 기존 레이블과의 계약을 종료하고 독립 아티스트로 새롭게 출발한 이후 처음으로 선보이는 곡이다. '알랑말랑'이라는 귀여운 표현으로 아직 명확하지 않은 관계에서 생기는 미묘한 감정의 흐름을 담았다. 특히, 이 곡은 지금까지 영어 가사만 써온 진초이가 처음으로 한글 가사에 도전한 작품이기도 하다.지난해 두 장의 EP를 발매하며 음악 활동을 시작한 진초이는 이번 신곡 '알랑말랑'을 기점으로 작사·작곡은 물론 비주얼 아트까지 직접 해내는 '잘파세대' 천재 아티스트로서 본격적인 행보를 이어갈 예정이다.전자신문인터넷 이금준 기자 (aurum@etnews.com)",https://www.etnews.com/20250529000245,경제,2025-05-29 13:24:39+09:00
"'어서와 한국은' 덴마크 꽃미남 형제, 정체불명 한식에 충격",덴마크 꽃미남 형제가 충격 비주얼의 음식 앞에 망부석처럼 굳는다. 29일 방송되는 MBC에브리원 &lsquo;어서와 한국은 처음이지?&rsquo;에서는 덴마크에서 온 라스무스와 윌리엄이 동해의 명물을 마주하고 경악을,"덴마크 꽃미남 형제가 충격 비주얼의 음식 앞에 망부석처럼 굳는다. 29일 방송되는 MBC에브리원 ‘어서와 한국은 처음이지?’에서는 덴마크에서 온 라스무스와 윌리엄이 동해의 명물을 마주하고 경악을 금치 못한다. 바이크 로드 트립을 다니며, 전국 구석구석의 산해진미를 맛보고 먹방 듀오에 등극한 덴마크 꽃 듀오. 이날은 신선한 해산물이 한데 모인 동해안 대표 어업 기지, 묵호항으로 달려간다. 하지만 다양한 후보들 사이, 라스무스가 주문한 건 한국인들에게도 호불호가 갈리는 정체불명의 음식. 단번에 메뉴를 알아본 먹신 김준현은 “동해 별미 중에 손에 꼽힌다. 그런데 식감이 애매해 난이도는 조금...”이라며 뒷말을 아꼈다는데.알고 보니, 한국인조차 생소한 비주얼에 한 걸음, 흐물거리는 식감에 두 걸음 멀어지게 만드는 난이도 최상의 생선 요리를 시킨 것. 한국살이 4년 차 라스무스도 당황해 쩔쩔매기는 기본. 한국 음식이라면 가리지 않고 잘 먹어왔던 윌리엄 역시 1년 전 산낙지의 악몽 이후로 두 번째 위기를 맞이하고 말았다는데. 급기야 “형 도대체 뭘 시킨 거야? 이건 생선이야? 오징어야?”라며 음식과의 전면 대치에 나섰을 정도.식도락의 즐거움을 만끽하던 덴마크 꽃 듀오를 한순간에 멘털 붕괴에 빠뜨린 음식은 과연 무엇일지. 5월 29일 목요일 오후 8시 30분 MBC에브리원 ‘어서와 한국은 처음이지?’에서 확인할 수 있다.전자신문인터넷 이준수 기자 (junsoo@etnews.com)",https://www.etnews.com/20250529000244,경제,2025-05-29 13:24:18+09:00
"서부발전, 세계 첫 '수소 활용 온실가스 분해 시스템' 개발","한국서부발전은 한국전력공사, 국가철도공단과 협력해 세계 최초로 수소를 이용한 대규모 온실가스 분해설비를 개발했다고 29일 밝혔다. 이날 서부발전은 경기도 의왕 일대 실증부지에서 한전, 철도공단, 경기도와 '수소 활용 육불화황(SF6) 분해 센터 준공식'과 '육불화황 분","한국서부발전은 한국전력공사, 국가철도공단과 협력해 세계 최초로 수소를 이용한 대규모 온실가스 분해설비를 개발했다고 29일 밝혔다. 이날 서부발전은 경기도 의왕 일대 실증부지에서 한전, 철도공단, 경기도와 '수소 활용 육불화황(SF6) 분해 센터 준공식'과 '육불화황 분해 센터 공동 활용 확대를 위한 업무협약식'을 진행했다. 행사에는 엄경일 서부발전 기술안전부사장과 문일주 한전 기술혁신본부장, 김윤양 철도공단 에스이(SE)융합본부장, 정한규 경기도 첨단모빌리티산업과장 등 관계기관 주요 인사 10여명이 참석했다. 이번에 준공된 육불화황 분해설비는 기존 액화석유가스 활용 처리기술을 고도화한 것으로 수소를 이용해 육불화황을 99% 이상 분해할 수 있다. 세계 최초이자 최대 규모의 육불화황 분해설비다. 육불화황은 화학적 안정성이 높고 절연성이 우수해 전기를 차단하고 연결하는 개폐 설비에 많이 쓰인다. 반면 지구온난화지수는 대표적 온실가스인 이산화탄소(CO2)의 약 2만4000배에 달해 대체 필요성이 제기돼왔다. 산업현장이 기존 전력 개폐 설비를 대체하려면 육불화황이 누출되지 않도록 안전하게 폐기할 수 있는 기술을 확보하는 게 필수다. 이에 따라 지난 2023년 3월 서부발전과 한전, 철도공단은 수소 기반 육불화황 분해 기술 개발·활용에 협력하기로 하고 서부발전과 한전은 기술 개발을, 철도공단은 육불화황 제공을 맡았다. 엄경일 서부발전 기술안전부사장은 “이산화탄소 발생 없이 육불화황을 분해하는 진정한 탄소중립 기술을 구현했다”라며 “앞으로 국내 온실가스 감축은 물론 해외 시장에도 진출해 국내외 탄소중립 실현에 기여하겠다”라고 말했다.",https://www.etnews.com/20250529000243,경제,2025-05-29 13:23:30+09:00
"'노무사 노무진' 정경호x설인아x차학연, 악덕 사장들 공략","&lsquo;노무사 노무진&rsquo; 정경호, 설인아, 차학연의 공장 어택이 펼쳐진다. 오는 30일 첫 방송되는 MBC 새 금토드라마 &lsquo;노무사 노무진&rsquo;(기획 권성창 연출 임순례 이한준 극본 김보통 유승희 제작","‘노무사 노무진’ 정경호, 설인아, 차학연의 공장 어택이 펼쳐진다. 오는 30일 첫 방송되는 MBC 새 금토드라마 ‘노무사 노무진’(기획 권성창 연출 임순례 이한준 극본 김보통 유승희 제작 브로콜리픽쳐스)은 유령 보는 노무사의 좌충우돌 노동 문제 해결기를 담은 코믹 판타지 활극이다. 정경호(노무진 역), 설인아(나희주 역), 차학연(고견우 역)은 팀 ‘무진스’로 뭉쳐, 산업재해로 죽은 유령들의 원한을 풀어주기 위해 고군분투를 펼치며 안방극장을 사로잡을 예정이다. 대망의 첫 회에서는 ‘무진스’가 돈을 벌기 위해 기막힌 아이디어를 내며 뭉치는 모습이 그려진다. 파리만 날리는 노무사 사무소를 운영 중인 ‘노무사’ 무진과, 뚜렷한 직업이 없는 ‘무진의 처제’ 희주, 희주의 썸남이자 ‘영상 크리에이터’ 견우. 도무지 어울릴 것 같지 않은 이 조합이 어떻게 한 팀이 됐을지, 관심이 집중된다.공개된 1회 스틸컷 속에는 안전설비가 제대로 갖춰지지 않은 공장들을 찾아다니며 악덕 사장들을 공략 중인 ‘무진스’의 모습이 담겨 있다. 무진은 사무실 월세를 내야 하기에 희주와 견우의 꼬임에 어쩔 수 없이 나온 상태. 하지만 막상 현장에 가서는 노무사의 능력을 제대로 발휘 중이다. 그 옆에서 희주와 견우는 꼼꼼히 기록하고 영상을 촬영하는 등 혼신의 서포트를 하고 있다.공장 어택을 하던 ‘무진스’는 더 큰 판을 짜기 위해 머리를 맞대고 있어 눈길을 끈다. 척하면 척 환상의 호흡을 자랑하는 ‘무진스’는 기세 좋게 다음 스텝을 밟지만, 예상치 못한 상황에 맞닥뜨리게 된다. 이들의 ‘한탕’을 향한 계획이 어떤 예측불가 전개를 올지 궁금증이 커진다.제작진은 “돈을 벌려고 시작했지만, 어쩌다 보니 유령 전담 노무사 팀이 되어 노동 문제들을 해결해가는 ‘무진스’의 모습이 앞으로 펼쳐지게 된다. 1회에서는 팀 ‘무진스’의 결성과 첫 출격이 유쾌하게 그려질 테니 많은 관심과 기대 부탁드린다”고 전했다.한편 MBC 새 금토드라마 ‘노무사 노무진’은 영화 ‘우리 생애 최고의 순간’ ‘교섭’을 연출한 임순례 감독의 첫 드라마 연출작이자, OTT 드라마 ‘D.P.’ 김보통 작가, 영화 ‘아이 캔 스피크’ 유승희 작가가 공동 집필하는 작품으로 기대를 모으고 있다. 5월 30일(금) 밤 9시 50분 첫 방송된다.전자신문인터넷 이준수 기자 (junsoo@etnews.com)",https://www.etnews.com/20250529000241,경제,2025-05-29 13:22:45+09:00
"'사콜 세븐' 김용빈, 막춤부터 콩트까지 '美친 활약'",'사랑의 콜센타-세븐스타즈' 김용빈이 숨겨둔 반전 매력으로 안방을 뒤집어 놓는다. 29일 방송되는 TV CHOSUN '사랑의 콜센타-세븐스타즈'(이하 '사콜 세븐')는 '텐션 올려' 특집으로 꾸며진다. 이날 방송에서는 역,"'사랑의 콜센타-세븐스타즈' 김용빈이 숨겨둔 반전 매력으로 안방을 뒤집어 놓는다. 29일 방송되는 TV CHOSUN '사랑의 콜센타-세븐스타즈'(이하 '사콜 세븐')는 '텐션 올려' 특집으로 꾸며진다. 이날 방송에서는 역대급 텐션의 무대들이 쉴 새 없이 펼쳐지는 가운데, 진(眞) 김용빈은 그중에서도 단연 돋보이는 파격 변신으로 이목을 집중시킨다. 그간 우아하고 절제된 분위기로 무대에 섰던 김용빈이 이번 특집을 맞아 지금껏 본 적 없는 에너지를 터뜨린다. 그는 남진의 명곡 '님과 함께'에 맞춰 무아지경 '난리부르스' 춤을 선보인다. 황금 골반을 장착한 신들린 퍼포먼스에 출연진 모두 웃음과 환호를 멈추지 못한다. 이어 '청춘을 돌려다오' 등 텐션 가득한 곡들로 평소와는 사뭇 다른 유쾌하고 에너지 넘치는 무대를 이어간다.뿐만 아니라 이날 김용빈은 물오른 예능감으로 존재감을 과시한다. 특히 막간 콩트에서 능청스러운 표정 연기와 센스 넘치는 애드리브로 MC 김성주와 붐을 폭소하게 만들었다는 전언이다. 김용빈의 색다른 활약은 시청자들에게도 강렬한 인상을 남길 것으로 보인다.한편 '사랑의 콜센타-세븐스타즈'는 전화 및 홈페이지를 통해 사연과 신청곡을 접수할 수 있다. 사연이 접수되면 초특급 이벤트가 펼쳐진다. 김용빈의 변화무쌍한 활약이 기대되는 TV CHOSUN '사랑의 콜센타-세븐스타즈'는 오늘(29일) 밤 10시 방송된다.전자신문인터넷 이준수 기자 (junsoo@etnews.com)",https://www.etnews.com/20250529000240,경제,2025-05-29 13:21:27+09:00
"LF 마에스트로, 롯데百 잠실점 '클럽 마에스트로'로 리뉴얼 오픈","LF의 대표 남성복 브랜드 마에스트로(MAESTRO)는 롯데백화점 잠실점 매장을 '클럽 마에스트로'로 리뉴얼 오픈했다고 29일 밝혔다. 클럽 마에스트로는 브랜드의 하이엔드 라인부터 해외 프리미엄 슈트 브랜드까지 한 공간에 모은 복합 편집형 매장으로, 롯데백화점 본점에","LF의 대표 남성복 브랜드 마에스트로(MAESTRO)는 롯데백화점 잠실점 매장을 '클럽 마에스트로'로 리뉴얼 오픈했다고 29일 밝혔다. 클럽 마에스트로는 브랜드의 하이엔드 라인부터 해외 프리미엄 슈트 브랜드까지 한 공간에 모은 복합 편집형 매장으로, 롯데백화점 본점에 이어 잠실점이 두 번째다. 클럽 마에스트로 잠실점은 5층에 위치해 있으며 63㎡ 규모로 구성된다. 밝은 우드와 골드, 단아한 곡선의 조화를 통해 클래식하면서 고급스러운 라운지형 공간으로 꾸며졌다. 이번 매장에서는 마에스트로의 최상위 라인인 '알베로'를 비롯해 이탈리아 클래식 테일러링 브랜드인 '볼리올리', '딸리아또레'의 컬렉션까지 선보인다. 일상용 슈트부터 격식을 갖춘 예복까지 다양한 라이프스타일에 맞춘 고급 남성복을 큐레이션해 소개한다. 예복에 특화된 고객 서비스도 마련했다. '올인원 웨딩 쇼핑 패키지'를 통해 예복, 셔츠, 넥타이 등을 한 번에 준비할 수 있다. 또한, 고객의 체형과 취향에 따라 기존 슈트 모델의 패턴·디자인·원단 등을 수정해 맞춤 제작할 수 있는 'MTM(Made to Measure)' 서비스도 제공한다. 마에스트로는 이번 리뉴얼 오픈을 기념해 6월 30일까지 2백만원 이상 구매한 고객을 대상으로 17만원 상당의 프리미엄 셔츠를 제공하는 특별 이벤트도 진행한다. LF 마에스트로 관계자는 “브랜드가 지향해온 클래식 감성을 기반으로, 한층 고급스러운 소재와 정제된 디자인을 선별해 선보일 수 있는 공간으로 거듭났다”며 “앞으로도 '클럽 마에스트로'를 통해 고급 남성복의 새로운 기준을 제시하며, 다양한 고객 수요를 만족시키는 프리미엄 서비스를 강화해 나가겠다”고 말했다.",https://www.etnews.com/20250529000239,경제,2025-05-29 13:21:13+09:00
"카카오뱅크, 대전신용보증재단과 '소상공인 금융지원' 업무협약 체결","카카오뱅크(대표 윤호영)가 대전신용보증재단과 대전 지역의 소상공인 금융 지원을 위한 '상생경영 통장 금융지원' 업무 협약을 체결했다. '대전상생경영 통장'은 마이너스통장 형식의 비대면 보증서대출 상품으로, 최초 승인 기간과 한도 이내로 필요한 금액을 수시 대출·상환할","카카오뱅크(대표 윤호영)가 대전신용보증재단과 대전 지역의 소상공인 금융 지원을 위한 '상생경영 통장 금융지원' 업무 협약을 체결했다. '대전상생경영 통장'은 마이너스통장 형식의 비대면 보증서대출 상품으로, 최초 승인 기간과 한도 이내로 필요한 금액을 수시 대출·상환할 수 있어 급한 자금 융통이 필요한 소상공인에게 도움이 되는 상품이다. 카카오뱅크는 지난 28일 성남시 판교오피스에서 대전신보와 함께 '상생경영 통장 금융지원' 업무 협약식을 진행했다. 이번 협약을 통해 카카오뱅크는 오는 6월 중 '대전상생경영 통장'을 출시해 약 3000명의 대전 지역 소상공인에게 총 300억원 규모의 대출을 공급할 계획이다. 지원 대상은 대전시 소재의 사업장을 1년 넘게 운영하고 있는 자영업자 중 대표자 신용평점이 745점 이상이다. 사업자당 대출 한도는 최대 1000만원까지다. 보증료 절반 지원 혜택도 준비돼 있다. 카카오뱅크는 지난 2023년 5월 보증서대출 출시 이후 보증료의 절반을 지원해왔다. 이번 '대전상생경영 통장' 상품에 가입한 보증서대출 신규 고객 역시 보증료 절감 혜택을 받을 수 있다. 카카오뱅크 관계자는 “대전 지역 소상공인들의 자금난을 해소하고 금융 접근성을 높이기 위해 이번 상품을 기획했다”며 “더 많은 개인사업자를 지원할 수 있도록 상품 종류 및 가입 가능 지역을 확대해 나가겠다”고 말했다.",https://www.etnews.com/20250529000238,경제,2025-05-29 13:20:38+09:00
"'전참시' 새 신부 효민, 초호화 웨딩 준비 과정 전격 공개",화제의 새 신부 효민이 &lsquo;전참시&rsquo;에 뜬다. 오는 31일 방송되는 MBC 예능 프로그램 &lsquo;전지적 참견 시점&rsquo;(이하 &lsquo;전참시&rsquo;) 349회에서는 초호화 셀프 웨딩으로 화제를 모은 티아라,"화제의 새 신부 효민이 ‘전참시’에 뜬다. 오는 31일 방송되는 MBC 예능 프로그램 ‘전지적 참견 시점’(이하 ‘전참시’) 349회에서는 초호화 셀프 웨딩으로 화제를 모은 티아라 효민의 다재다능한 일상이 그려진다. 이날 방송에서는 지난 4월 화려한 결혼식으로 주목받은 효민의 집이 최초 공개된다. 평소 트렌디한 패션 감각과 남다른 센스로 주목받는 효민은 집 인테리어도 직접 했다고 하는데. 집안 곳곳에 놓인 꽃과 감각적인 오브제들이 시청자의 시선을 사로잡을 예정. 효민만의 감성으로 완성된 집은 과연 어떤 모습일지 기대를 모은다.그런가 하면 자타공인 ‘금손’으로 불리는 효민의 전신 관리 비법이 공개된다. 얼굴부터 발끝까지 섬세하게 관리하는 그녀의 모습에 참견인들의 관심이 폭발했다는 후문. 그녀는 고추냉이를 생으로 갈아 먹는 등 남다른 요리 실력을 자랑하는가 하면, 외출 준비 시 헤어와 메이크업까지 직접 하며 ‘셀프 장인’의 면모를 유감없이 발휘한다. 여기에 식재료를 미리 손질해 나눠놓고, 다음 주에 입을 의상을 미리 정해놓는 등 파워 J(계획형) 다운 성향까지 보이며 다재다능한 매력을 발산한다.효민의 초등학교 동창이자 25년 지기 친구인 매니저는 “일을 정말 좋아한다. 워낙 가지가지 일을 벌여서 별명이 ‘가지가지 박가지’일 정도”라는 증언까지 덧붙여 그녀의 다채로운 일상이 더욱 궁금해진다.또한 벚꽃이 가득한 예식장과 국내 단 2벌뿐인 웨딩드레스로 화제를 모은 새 신부 효민은 초호화 셀프 웨딩 준비 과정을 전격 공개한다. 하이엔드 웨딩드레스에 얽힌 특별한 사연은 물론, 모두가 궁금해할 남편과의 프러포즈 비하인드 스토리도 밝힌다고 해 본방송이 더욱 기다려진다.못하는 게 없는 ‘만능 효민’의 리얼 일상은 오는 31일(토) 밤 11시 10분에 방송되는 MBC ‘전지적 참견 시점’에서 만나볼 수 있다.전자신문인터넷 이준수 기자 (junsoo@etnews.com)",https://www.etnews.com/20250529000237,경제,2025-05-29 13:20:06+09:00
"[전기차 화재 해법을 찾는다] 〈3〉 환경부, BMS 보조금 우대·안전성 높여 전기차 보급 확대",환경부가 전기차 충전시설 보조금 지침을 개정해 배터리관리시스템(BMS) 내 안전기능을 갖춘 전기차를 우대하고 구매자의 가격 부담을 낮춘다는 방침을 밝혔다. 배터리 화재 안전성을 높여 안전하고 편리한 충전환경을 조성해 전기차 보급을 확대한다는 취지다. 정부는 지난해 8월,"환경부가 전기차 충전시설 보조금 지침을 개정해 배터리관리시스템(BMS) 내 안전기능을 갖춘 전기차를 우대하고 구매자의 가격 부담을 낮춘다는 방침을 밝혔다. 배터리 화재 안전성을 높여 안전하고 편리한 충전환경을 조성해 전기차 보급을 확대한다는 취지다. 정부는 지난해 8월 인천 청라 아파트 지하주차장 화재 등으로 전기차와 충전시설에 대한 화재 우려가 커지자 한 달 뒤 '전기차 화재 안전관리 대책'을 발표했다. 전기차 BMS 기능을 개선하고, 운전자의 실사용을 늘려 화재 위험성을 사전에 감지할 수 있게 한다는 내용을 담았다. BMS는 전압·전류·온도 등 전기차 배터리 상태를 모니터링하고 측정값을 취합해 △배터리 셀밸런싱 △열관리 △충전상태(SOC) ·배터리수명(SOH) 예측 △충전 제한 △오류진단(과전압·배터리셀·전류센서·냉각팬·통신 등)이 가능하게 한다. BMS가 이상을 감지하면 기본적으로 차량내 클러스터나 네비게이션 화면 등으로 이상 상태를 표시하고, 동시에 차량 작동을 제한해 추가적인 배터리 상태 악화를 방지하면서 정비를 유도한다. 최근 출시되는 차량들은 BMS 기술을 활용해 차량의 배터리 상태를 진단하는 것에서 그치지 않고, 이상 발생 시 차주와 제조사 사후서비스(A/S) 거점 등에 즉각 알림을 전송하는 안전기능을 지원하고 있다. 이러한 기능을 통해 배터리 이상을 적시에 인지하고, 제조사의 즉각적인 대응을 통해 배터리 화재를 예방하는 효과를 기대할 수 있다. 전문가들은 전기차 화재는 BMS 등 예방 인프라 보급 확대에 집중하는 동시에 기존 차량들에 진단 기술을 고도화해야 피해 규모를 줄일 수 있다고 주장한다. 현대·기아자동차는 BMS 안전기능을 선도하고 있다. 자체적으로 BMS 안전진단 기술 단계를 1~4 단계로 규정해 단계적으로 양산에 적용 중이다. 차량내 BMS에 직접 탑재(온보드)되는 1~3단계 기술들은 최신 차량에 모두 적용됐다. 향후 4단계 기술인 클라우드 기반 원격진단 기술까지 도입해 전방위적인 안전 진단을 구현한다는 방침이다. 현대차 관계자는 “1단계 또는 2단계 기술 수준에서 생산된 구형 차종들은 연내 3단계 기술까지 전체 판매차량을 대상으로 업데이트해 제조사로써 안전관리에 책임을 다 할 것”이라면서 “일부 구형 차종들은 무선통신업데이트(OTA) 기능이 적용되지 않아 서비스센터를 통해 BMS를 업데이트하는 큰 비용이 발생하지만, 제조사로써 배터리 안전 확보에 사활을 걸고 진행하고 있다”고 밝혔다. 최근 BMS 기술은 단순한 모니터링을 넘어 인공지능(AI) 기반 예지 진단으로 배터리 이상을 사전 감지하고 대응하는 방향으로 진화하고 있다. 한세경 경북대 교수는 “현대모비스는 셀 내부 발화 시 자동으로 소화약제를 분사하는 내장형 화재 진압 시스템을 개발해, 열폭주를 모듈 단위에서 차단하는 기술을 선보이는 등 글로벌 안전 규제 수준을 선도하고 있다”고 설명했다. BMS 고도화는 차량뿐 아니라 에너지저장치(ESS) 등 다양한 분야로 확산되고 있으며, 파워로직스처럼 중대형 배터리팩을 대상으로 열폭주 전이를 예측해 화재 확산을 막는 알고리즘을 적용하는 사례도 나오고 있다. 한 교수는 “기술 발전과 함께 구형 차량에 대한 진단 기술 확산, 아파트 단위 공동 관제 시스템 구축 등 공동체 차원의 위험 감시 체계도 병행돼야 실질적인 화재 예방 효과를 기대할 수 있다”고 강조했다. 정부는 BMS 배터리 위험도 표준을 마련하고, 올해 상반기 중 자동차 소유주가 정보제공에 동의한 차량을 대상으로 위험단계인 경우에는 자동으로 소방당국에도 알리는 시범사업을 추진한다. 최근에는 전기차 구매보조금 지침을 개편해 BMS 안전기능 탑재 차량에 인센티브를 부여하고 안전관리를 강화하고 있다. 전기승용차는 BMS 안전기능과 배터리 상태정보를 충전중 제공하는 차량에 배터리안전보조금을 추가 지원(총 30만원)하고 있으며, BMS 업데이트 불가차량을 폐차한 후 전기차 신차 구매한다면 보조금 20만원을 추가 지원한다. 전기승합차의 경우 배터리안전보조금(1000만원) 지급 항목에 BMS를 활용한 주차중 이상감지·알림기능 지원을 추가했다. 전기화물차는 BMS에 의한 주차중 이상감지·알림기능과 배터리 안전보조금을 신설해 충전중 SOC정보를 제공하는 차량에 보조금을 추가 지원(총 50만원)한다. 류필무 환경부 대기미래전략과장은 “BMS 업데이트가 불가능해 안전기능이 부족한 기존 운행차량의 경우에는 차량을 폐차한 후에 전기차로 구매하는 경우 추가 인센티브를 지원한다”면서 “BMS와 함께 이중 안전장치 역할을 수행하는 스마트 제어 충전기 보급을 확대해 보다 안전하고 편리한 충전환경을 조성하겠다”고 밝혔다.",https://www.etnews.com/20250529000220,생활/문화,2025-05-29 13:09:28+09:00
[전기차 화재 해법을 찾는다] 〈3〉'보험사 공동보험(Pool·풀)' 등 사후 대책 마련해야,29일 보험업계가 제2의 인천 청라 지하주차장 화재 사고에 대비해 '보험사 공동보험(Pool·풀)' 등 사후 대책을 마련해야 한다고 주장했다. 정부가 보증하는 신규 보험제도를 도입해 전기차 화재 배상책임을 낮춘다면 '전기차 포비아(공포증)'를 해소에 기여할 수 있을 전,"29일 보험업계가 제2의 인천 청라 지하주차장 화재 사고에 대비해 '보험사 공동보험(Pool·풀)' 등 사후 대책을 마련해야 한다고 주장했다. 정부가 보증하는 신규 보험제도를 도입해 전기차 화재 배상책임을 낮춘다면 '전기차 포비아(공포증)'를 해소에 기여할 수 있을 전망이다. 현재 국내에서 전기차 화재 발생 시 보험 등 피해보상은 '선처리 후청구'로 진행된다. 아파트, 차량 등 선 보험처리를 통한 보상 이후 보험사가 책임 주체에 구상권을 청구하는 방식이다. 아파트와 같은 공동주택 소유자는 '화재보험법'에 따라 화재보험 의무가입 대상이다. 지하주차장 등 설비 피해, 수리·해체·청소 등 비용 보상이 가능하며, 보험금 한도는 건물시가 등을 반영한 보험가입액을 기준으로 아파트별로 상이하다. 자동차 소유자 또한 '자동차손배법'에 따라 책임보험 의무가입 대상이다. 자기차량 손해담보 등 차주별 자차보험을 통한 보상이 가능하며 자기부담금이 발생한다. 지난해 8월 인천 청라 아파트 지하주차장 전기차 화재의 경우 지하1층 주차장에 주차된 전기차량에서 발화한 불길이 인접 차량으로 확산했다. 단전·단수로 822명이 임시시설에 거주하는 등 상당한 수준의 불편도 야기했다. 이번 사고는 단순한 차량 화재를 넘어서 아파트 단지 전체에 영향을 줄 수 있는 사회적 재난으로 확대될 수 있다는 위험성을 보여줬다. 국내 주거환경이 아파트 위주이고 대부분의 주차장 시설이 지하에 위치하고 있기 때문에, 전기차 화재는 주거시설뿐만 아니라 산업시설, 상업시설에서도 위험요인이 될 수 있다. 제2의 인천 청라 지하주차장 화재 발생 시 현행 보험 보상체계의 한계를 벗어날 가능성이 매우 높다. 한 보험업계 관계자는 “자동차보험 전기차 특약 대물 배상한도는 최대 20억원인데, 제조사의 책임이 아닌 운전자의 과실일 경우 20억원 한도로는 보상이 어려울 수 있다”면서 “아파트 등에서 가입하는 재산종합보험, 동산종합보험을 비롯한 화재보험으로도 사고 원인에 따라 대규모 피해 발생 시 보상이 불가능할 수 있다”고 설명했다. 전문가들은 전기차로 인해 발생하는 사회적 재난수준의 대규모 피해에 대응해 신속한 보상이 가능한 보험제도로 안전망을 확보해야 한다고 주장했다. 또 다른 업계 관계자는 “복수의 보험사들이 참여하는 공동보험(Pool·풀)을 운영해 리스크를 분산시킨다면 피해규모가 40억원에 달하는 화재 사고가 발생하더라도 선처리 후보상이 가능할 것”이라면서 “특히 정부가 보증하는 신규보험제도를 통해 전기차로 인해 발생될 수 있는 배상책임을 낮춰 '전기차 포비아'를 해소할 수 있을 것”이라고 제안했다. 이어 “주유소, 액화석유가스(LPG)·수소충전소 등 시설은 법에 따라 무과실책임보험에 의무 가입한다”면서 “전기차 충전시설 또한 무과실책임보험에 의무 가입한다면 전기차 캐즘 극복에 도움이 될 수 있다”고 부연했다. 정부 또한 전기차 화재를 신속하고 포괄적으로 보상할 수 있는 신규 정책보험 제도를 통해 사회안전망을 강화하는 것이 시급하다고 보고있다. 전기차 화재예방을 위한 정부의 사전적 대책과 함께 보험제도를 통한 사후적 대책이 마련될 때, 전기차 전환 수용성이 높아질 것이라는 취지다. 류필무 환경부 대기미래전략과장은 “현 보험체계로는 전기차 차주를 위한 책임보험이 잘 작동되지 않고 있다. 국민이 안심할 수 있는 보험 상품 개발이 시급하다”면서 “보험 상품 가입에 따른 전기차 보조금 차등 지급 등의 정책적 대안을 마련하겠다”고 말했다.",https://www.etnews.com/20250529000218,생활/문화,2025-05-29 13:09:21+09:00
"'14억' 인도, 보험시장 열린다…외인 직접투자 규제 철폐",인도 정부가 보험업에 대한 외국인 직접투자(FDI) 규제를 철폐할 예정이다. 국내 보험사에게도 14억명 인구를 보유한 새로운 시장이 열렸다. 29일 금융권에 따르면 인도 재무부 장관은 2025~2026년 예산안 발표 연설을 통해 보험업에 대한 외국인 직접 투자 상한을,"인도 정부가 보험업에 대한 외국인 직접투자(FDI) 규제를 철폐할 예정이다. 국내 보험사에게도 14억명 인구를 보유한 새로운 시장이 열렸다. 29일 금융권에 따르면 인도 재무부 장관은 2025~2026년 예산안 발표 연설을 통해 보험업에 대한 외국인 직접 투자 상한을 기존 지분 74%에서 100%로 확대한다고 공식 발표했다. 인도는 지속해서 외국인 직접투자 한도를 완화해 왔다. 외인 주식투자 제한은 지난 △1999년 26% △2015년 49% △2021년 74%로 확대됐다. 올해는 100%까지 늘어나 사실상 보험시장 완전히 개방된 셈이다. 앞으로 외국 보험사들은 더 이상 인도에 진출하기 위해 지분 26%를 맡을 인도 현지 파트너사를 구하지 않아도 된다. 다만 인도 정부는 외국인 지분이 100%인 보험사에 대해 거둬들인 보험료 전액을 인도에 투자하는 조건을 부과할 예정이다. 인도 시장 완전 개방으로 국내 보험사들도 인도 진출을 본격적으로 검토할 것으로 예상된다. 압도적인 인구수를 보유하고 있어 잠재력이 크고, 국내 보험시장이 포화상태인 상황에서 신시장이 될 수 있다는 관측이다. 작년 기준 인도 생명보험 보험침투율은 3.7%로 우리나라(9.4%) 대비 매우 낮은 수준이다. 보험침투율은 국내총생산(GDP) 대비 보험료 수준으로, 국가 경제에 보험산업이 차지하는 비중을 나타낸다. 인도는 우리나라 국민들보다 보험에 지출하는 비용이 적은 것으로 해석할 수 있다. 현재 국내 보험사 중에선 현대해상이 인도 뉴델리에 사무소를 설립해 운영하고 있다. 향후 인도 진출을 타진하는 보험사들이 늘어날 전망이다. 그룹 차원에서 인도 공략 확대하고 있는 미래에셋생명도 후보다. 미래에셋그룹은 미래에셋자산운용이 지난 2006년 뭄바이 법인을 설립하며 인도에 진출했다. 작년 말엔 미래에셋증권이 인도 현지 증권사 쉐어칸을 인수하며 현지 저변을 확대하고 있다. 미래에셋증권은 지난해만 인도에서 5곳 법인(HVDPL, 쉐어칸, 쉐어칸 파이낸셜, 쉐어칸 에스프레소, 쉐어칸 에듀케이션)을 냈다. 올해 2월부터는 미래에셋쉐어칸이 인도 내 생명보험 상품 유통을 시작했다. 한 보험업계 관계자는 “이번 규제 완화로 인도 진출을 검토하는 회사가 있을 것으로 보인다”며 “인도는 인구 수가 많고 성장 잠재력이 커, 새 먹거리를 찾아야 하는 국내 보험사들에게 선택지가 될 수 있다”고 말했다.",https://www.etnews.com/20250529000116,생활/문화,2025-05-29 13:00:00+09:00
"[단독] 전기차 화재, 책임보험 무용지물…“위험분산해 실효성 갖춰야”","전기차 화재시 피해 보상에 대한 책임 소재가 불분명해 제2의 인천 청라 지하주차장 화재와 같은 사고가 발생할 경우, 국내 전기차 보험 상품이 무용지물이 될 것이라는 진단이 나왔다. 전문가들은 보험사들의 리스크를 분산하고 정부가 보증하는 신규 보험제도를 통해 전기차로 인","전기차 화재시 피해 보상에 대한 책임 소재가 불분명해 제2의 인천 청라 지하주차장 화재와 같은 사고가 발생할 경우, 국내 전기차 보험 상품이 무용지물이 될 것이라는 진단이 나왔다. 전문가들은 보험사들의 리스크를 분산하고 정부가 보증하는 신규 보험제도를 통해 전기차로 인해 발생될 수 있는 배상책임을 낮춰 '전기차 포비아(공포증)'를 해소해야 한다고 지적했다. 29일 보험업계에 따르면 지난해 8월 인천 청라 아파트 지하주차장 전기차 화재 발생 9개월이 지났지만 정확한 사고 원인이 규명되지 않고 있다. 소방당국은 인천 화재로 차량 87대가 전소되고, 793대가 불에 탔으며 지하주차장 시설도 망가져 38억5331만원에 달하는 재산 피해가 났다고 집계했다. 자차보험 처리 신청 차량은 600대를 넘는다. 자동차 결함으로 판명될 경우 제조물책임법에 따라 제작사의 책임 및 배상의무가 있으며, 제조물 배상책임 보험으로 배상 가능하다. 그러나 수사당국은 인천 청라 전기차 화재에 대해 4개월 수사 끝에 화재원인을 '규명 불가'로 결론지었다. 화재로 인해 배터리관리시스템(BMS) 데이터를 추출할 수 없었고 국립과학수사연구원도 정확한 발화 원인을 특정하지 못했다. 보험사 입장에서도 국과수 감정 결과에 따라 제작사인 벤츠코리아, 차주, 아파트 관리주체 중 책임소재와 과실비율을 정해야하는데 보상에 대한 책임 소재가 불분명해 보험처리가 불가능한 상황이다. 차주의 관리책임이 인정될 경우 차주의 자동차보험 대물배상 한도까지 배상이 이뤄지나, 책임이 인정될 가능성은 낮다. 인천 전기차 화재의 경우 차주가 차량 운행·조작중이 아니었으며, 주차후 장시간 방치한 후 사고가 발생한 2011년 유사 사례에서도 보험 청구가 기각된 바 있다. 아파트 관리 인력에게도 스프링클러 임의정지 등에 대한 책임이 제기되고 있다. 그러나 회사가 파산하며 개인·업체를 상대로 대규모 배상능력이 없을 것으로 예상된다. 보험업계 관계자는 “전기차 화재는 사고 원인에 따라 보상해야 하는 주체가 다르기 때문에 화재 원인을 명확히 파악하지 못할 경우 소송·분쟁이 만연해지고 이를 해결하기까지 오랜 시간이 걸리기 때문에 사회적 비용을 증가시킬 수 있다”면서 “보험사들의 리스크를 분산하고 정부가 보증하는 신규 보험제도를 통해 배상책임을 낮춰야 한다”고 지적했다.",https://www.etnews.com/20250529000207,생활/문화,2025-05-29 12:57:24+09:00
'신혼여행성지' 하와이에 전염병 비상 …“백일 기침하거나 기형아 유발”,신혼여행 성지로 꼽히는 미국 하와이에서 지카 바이러스 감염증과 전염성이 강한 세균성 호흡기 질환인 백일해(Pertussis)가 확산하면서 보건 당국이 경고에 나섰다. 27일(현지시간) 미국 폭스뉴스는 하와이 보건국(DOH)의 발표를 인용해 “지역 내 백일해 발생 사례가,"공기중 전파되는 호흡기질환 ‘백일해’ 모기에 감염되는 ‘지카바이러스’ 확산 신혼여행 성지로 꼽히는 미국 하와이에서 지카 바이러스 감염증과 전염성이 강한 세균성 호흡기 질환인 백일해(Pertussis)가 확산하면서 보건 당국이 경고에 나섰다. 27일(현지시간) 미국 폭스뉴스는 하와이 보건국(DOH)의 발표를 인용해 “지역 내 백일해 발생 사례가 '우려스러운 속도'로 증가하고 있다”고 밝혔다. 하와이 보건국에 따르면 지난 15일 기준 하와이에서 108건의 백일해 감염 사례가 확인됐으며, 이는 2024년 전체 누적 확진자 수였던 84건을 이미 초과한 수치다. 감염 사례는 계속 증가하고 있으며, 보건당국은 전염병 확산 차단을 위해 지역사회 감시를 강화하고 백신 접종 독려에 나선 상태다. 백일해는 '보르데텔라 퍼투시스'(Bordetella pertussis)라는 세균에 의해 발생하는 급성 호흡기 감염병으로, 일반 감기와 비슷한 증상으로 시작하지만 이후 극심한 기침과 호흡곤란이 동반되며 심한 경우 폐렴, 무호흡증, 뇌병증 등으로 이어질 수 있다. 질병 이름은 '한 번 감염되면 최대 100일간 기침이 지속된다'는 데서 유래했다. 감염된 사람이 기침이나 재채기할 때 배출되는 미세 침방울을 통해 공기 중으로 전파되며, 전염력이 매우 강하다. 미국 폭스뉴스의 수석 의학 분석가 마크 시겔(Marc Siegel) 박사는 “백일해는 바이러스가 아닌 세균 감염으로, 항생제 치료가 가능하긴 하지만 초기에는 감기로 오인되기 쉬워 적절한 치료 시기를 놓치기 쉽다”며 “가장 효과적인 예방법은 백신 접종”이라고 강조했다. 미국 질병통제예방센터(CDC)와 하와이 보건국은 백일해 예방을 위한 백신 접종을 강력히 권고하고 있다. 7세 미만 어린이에게는 DTaP(디프테리아·파상풍·백일해) 백신을, 7세 이상 어린이와 성인에게는 Tdap(파상풍·디프테리아·백일해) 백신을 접종하도록 권장한다. 또한 하와이 보건 당국(DOH)은 이날 호놀룰루가 있는 오하우 섬에서 발생한 여행 관련 지카 바이러스 감염증 확진 사례 1건과 노출 가능성이 있는 2명을 조사하고 있다고 공식 발표했다. 하와이에서 지카 바이러스 감염증이 발생한 것은 2019년 이래 처음으로, 당국은 주민들에게 방충제 사용, 긴 소매와 긴 바지 착용, 모기 번식지인 고인물 제거 등에 동참해 줄 것을 요청했다. 지카 바이러스 감염증은 감염된 숲모기에 물린 후 3~14일의 잠복기를 거쳐 발열, 발진, 두통, 관절통 및 근육통, 눈 충혈 등의 증세를 보인다. 하지만 대부분(약 80%) 아무런 증상이 나타나지 않는다. 지카 바이러스는 모기, 성 접촉, 모자간 수직감염 등으로 전파된다. 감염될 경우 특히 임신부에게 해로울 수 있으며, 심각한 선천적 기형을 유발할 수 있다. 한편, 최근 하와이에서는 홍역 확진 사례도 보고되면서 공중보건에 대한 긴장감이 더욱 높아지고 있다. 하와이주 보건국은 “미국 전역에서 홍역 사례가 계속 증가하고 있으며, 올해에만 30개 주에서 1000건 이상의 감염 사례가 보고됐다”며 “하와이 역시 홍역 유입 가능성이 여전히 높은 지역으로 분류되고 있어, 주민들의 지속적인 예방접종 참여와 방역 수칙 준수가 절실하다”고 당부했다.",https://www.etnews.com/20250529000169,생활/문화,2025-05-29 11:33:35+09:00
오늘부터 사전투표 시작… '인증샷' 주의할 점은,제21대 대통령선거 사전투표가 29일 오전 6시 전국 3568개 사전투표소에서 동시 시작됐다. 오늘부터 이틀간 오전 6시부터 오후 6시까지 진행한다. 유권자는 별도 신고 없이 사진이 붙은 신분증만 지참하면 가까운 사전투표소 어디서나 투표할 수 있다. 모바일 신분증은 화,"제21대 대통령선거 사전투표가 29일 오전 6시 전국 3568개 사전투표소에서 동시 시작됐다. 오늘부터 이틀간 오전 6시부터 오후 6시까지 진행한다. 유권자는 별도 신고 없이 사진이 붙은 신분증만 지참하면 가까운 사전투표소 어디서나 투표할 수 있다. 모바일 신분증은 화면 캡처가 아닌 현장에서 애플리케이션을 실행해야 투표가 가능하다. 유권자가 실수로 기표를 잘못하거나 투표지를 훼손한 경우, 투표지를 다시 제공하지 않기 때문에 주의해야 한다. 기표용기 이외의 도구로 기표하거나, 후보자란을 벗어난 기표, 여러 칸에 기표한 경우 무효표로 처리된다. 또, 공직선거법은 투표 시 기표된 투표용지를 촬영하는 행위를 금지하고 있다. 이를 위반하면 2년 이하의 징역이나 400만원 이하 벌금에 처한다. 이 때문에 사회관계망서비스(SNS)에서 유행하고 있는 인증샷은 촬영 시 주의해야 한다. 사진은 반드시 투표소 밖에서 촬영해야 하며, 투표지를 촬영하거나 이를 게시 및 전송하면 안 된다. 다만 투표소 밖에서 엄지척, 브이 등 손가락으로 기호를 표시하거나 특정 후보자의 선거홍보물과 함께 찍는 인증샷은 가능하다. 기표도장을 손이나 별도로 준비해 간 용지에 찍어 이를 촬영하는 것 또한 허용된다.",https://www.etnews.com/20250529000146,생활/문화,2025-05-29 11:14:30+09:00
"美연방법원, 트럼프 관세에 제동…“헌법 넘어선 월권”","미국 연방법원이 28일(현지시간) 전세계를 대상으로 한 도널드 트럼프 미국 대통령의 '상호관세' 조치에 제동을 걸었다. 대통령 권한을 넘어 위법하게 이뤄졌다고 판결했다. 트럼프 대통령은 앞서 이 정책을 추진하면서 국제비상경제권한법(IEEPA)를 근거로 제시했는데, 받아","미국 연방법원이 28일(현지시간) 전세계를 대상으로 한 도널드 트럼프 미국 대통령의 '상호관세' 조치에 제동을 걸었다. 대통령 권한을 넘어 위법하게 이뤄졌다고 판결했다. 트럼프 대통령은 앞서 이 정책을 추진하면서 국제비상경제권한법(IEEPA)를 근거로 제시했는데, 받아들여지지 않았다. 백악관은 “고삐풀린 사법 쿠테타”라고 반발하며 즉각 항소했다. 로이터통신 등 주요외신은 이날 연방국제통상법원 재판부가 상호관세 발효를 차단하는 결정을 내렸다고 보도했다. 재판부는 “헌법은 외국과의 무역을 규제하는 권한을 오직 의회에만 부여한다. 이는 미국 경제를 보호하기 위한 대통령의 비상권한으로도 뒤엎을 수 없다”고 했다. 특히 “무역수지 불균형을 이유로 의회 승인 없이 일괄적 관세를 부과한 것은 의회의 무역조정 권한을 침해하는 것”이라고 덧붙였다. 앞서 미국 소재 5개 기업은 트럼프 대통령이 관세 결정 권한을 가진 연방의회를 거치지 않고 위법하게 관세 정책을 펼쳤다며 지난달 소송을 제기했다. 이들 기업은 소장에서 트럼프 대통령이 IEEPA를 자의적으로 해석해 권한 없이 관세를 부과했다고 주장했다. 반면 트럼프 행정부의 법무부는 IEEPA가 대통령에게 관세를 부과할 권한을 명확히 부여했다고 반박했다. 법무부 측 변호인단은 법원에 제출한 문서에서 “IEEPA는 의회가 대통령에게 특정 상황에서 관세 부과를 통해 수입을 규제할 권한을 합법적으로 위임했다”라고 주장했다. 뉴욕주를 포함해 총 12개 주도 지난달 트럼프 행정부의 관세 정책 중단을 요구하는 소송을 같은 법원에 제기했다. 네바다와 버몬트 등 공화당 소속 주지사가 있는 주도 포함됐다. 트럼프 행정부는 즉각 반발했다. 백악관은 “트럼프 대통령은 미국 경제 안보와 산업 보호를 위해 IEEA에 따라 정당한 조치를 취한 것”이라며 “법원의 판단은 국가 주권과 미국 제조업에 대한 심각한 위협”이라고 반박했다. 이어 “법적 절차에 따라 항소할 것이며, 최종적으로 대법원까지 갈 수 있다”고 밝혔다. 한편 이번 판결은 관세를 앞세워 동맹국과 적대국을 가리지 않고 새로운 무역협정을 압박한 트럼프 행정부의 무역통상 정책에 제동을 건 첫 사법 판단이다. 미 의회조사국(CRS)에 따르면 지난해 초까지 미국 대통령이 IEEPA를 활용한 것은 총 69건이지만 관세 부과의 근거로 쓰인 적은 한 번도 없었다. 1971년 리처드 닉스 당시 대통령이 IEEPA의 전신 격인 적성국무역법(TWEA)을 근거로 미국으로 수입되는 모든 과세 대상 품목에 10%의 긴급 관세를 부과하는데 활용된 것이 그나마 유사한 사례다. 반면 트럼프 대통령은 동맹국과 적성국을 가리지 않고 압박하는 수단으로 사용하고 있다. 우리나라도 인도, 일본 등과 함께 오는 7월까지 무역통상을 넘어선 새로운 협상 합의를 종용받고 있다.",https://www.etnews.com/20250529000141,생활/문화,2025-05-29 11:08:20+09:00
[대선 D-5]김문수 “마지막까지 단일화 노력하겠다…하나로 뭉쳐야”,"국민의힘 김문수 대통령 후보가 29일 인천 계양구에서 사전투표를 마친 뒤, 단일화와 관련해 “마지막까지도 노력하겠다”고 밝혔다. 사실상 단일화 논의가 멈춰섰다는 평가가 나오는 가운데, 김 후보는 여전히 이준석 개혁신당 후보와의 만남 가능성을 열어두고 있다고 강조했다.","국민의힘 김문수 대통령 후보가 29일 인천 계양구에서 사전투표를 마친 뒤, 단일화와 관련해 “마지막까지도 노력하겠다”고 밝혔다. 사실상 단일화 논의가 멈춰섰다는 평가가 나오는 가운데, 김 후보는 여전히 이준석 개혁신당 후보와의 만남 가능성을 열어두고 있다고 강조했다. 김 후보는 이날 오전 10시 30분, 딸과 함께 인천 계양1동 행정복지센터 사전투표소에서 투표를 마친 뒤 기자들과 만나 “오늘 사전투표를 했는데, 딸과 함께 한 것은 이번이 처음”이라며 “이 자리는 인천 자유공원 유세에 이어 잠시 들른 것이지만, 계양이 이재명 후보의 지역구라는 점도 고려된 요인이 있다”고 설명했다. 그는 이날 단일화 가능성에 대한 질문을 받고 “마지막까지도 노력하겠다”며 “전체적으로 하나로 뭉치기 위한 노력을 계속하고 있다”고 강조했다. 이날 이준석 후보가 공개한 이재명 후보 아들과 관련한 내용에 대해서는 “내용 자체에 주목하지 않는다. 아들 얘기는 본 적도 없고 특별히 드릴 말씀 없다”며 말을 아꼈다. 사전투표 제도와 관련해선 “관외투표는 절차가 복잡하고, 인쇄·운송·보관 과정에서 부실 관리 우려가 있다”며 “이번에는 철저하게 관리하고 있지만 여전히 문제 제기하는 분들이 있다. 제도 보완은 필요하지만 그렇다고 투표를 하지 않는 건 더 큰 문제”라고 강조했다. 이어 그는 “그래서 제가 먼저 나와서 투표한 것”이라고 말했다. 김 후보는 최근 여론조사 추이와 관련해 “어제 저녁에 나온 조사 중 어떤 것은 제가 압승인 것도 있다. 급속하게 지지율이 좁혀지고 있다”며 “선거운동 기간이 한 달도 안됐지만 빠르게 알려졌고, 결과는 잘 될 것이라 확신한다”고 밝혔다.",https://www.etnews.com/20250529000140,생활/문화,2025-05-29 11:08:08+09:00
[마켓트렌드] 올 여름 휴가는 호텔에서…여름 프로모션 시동,호텔업계가 본격적인 여름 시즌을 맞아 다채로운 프로모션을 선보이고 있다. 호텔 셰프가 직접 선보이는 망고 빙수 등 특선 여름 디저트부터 호캉스족을 잡기 위한 다양한 패키지 상품까지 여름 성수기 공략 채비를 마쳤다. 페어몬트 서울 호텔은 호텔 1층 '더 아트리움 라운지',"호텔업계가 본격적인 여름 시즌을 맞아 다채로운 프로모션을 선보이고 있다. 호텔 셰프가 직접 선보이는 망고 빙수 등 특선 여름 디저트부터 호캉스족을 잡기 위한 다양한 패키지 상품까지 여름 성수기 공략 채비를 마쳤다. 페어몬트 서울 호텔은 호텔 1층 '더 아트리움 라운지'에서 여름 시즌 메뉴를 선보이는 '아트리움 서머 시즌 프로모션'을 진행한다고 29일 밝혔다. 오는 6월 2일부터 8월 31일까지 열리는 이번 프로모션은 제철 애플망고를 활용한 빙수와 케이크, 청사과·코코넛·망고·복숭아·자두 등 제철 과일을 활용한 음료 메뉴를 만나볼 수 있다. 그랜드 인터컨티넨탈 서울 파르나스는 오는 6월 1일부터 9월 21일까지 호텔 1층 라운지에서 '벨 에포크 샴페인 빙수'를 선보인다. 이번에 선보이는 빙수는 프랑스 샴페인의 꽃으로 불리는 '페리에 주에'와 협업해 개발했다. 샴페인을 활용한 분자요리 기법, 오브제 수준의 비주얼로 완성했으며 샴페인 '벨 에포크'의 상징적인 플로럴 아트워크에서 영감을 받아 특별히 제작한 전용 그릇에 담겨 제공된다. 가격은 15만원이다. 카시아 속초는 본격적인 바캉스 시즌을 맞아 수평선을 바라보며 맥주를 즐길 수 있는 '비어 가든'을 오는 6월부터 오픈한다. 지난해에 이어 두 번째로 선보이는 비어가든은 속초 명물인 닭강정부터 다양한 타코 메뉴가 준비된다. 4층에 위치한 인피니티 풀 내 사이드바도 함께 오픈한다. 차돌 떡볶이, 해산물 토마토 피자 등 다양한 스낵 메뉴를 마련했다. 같은 층의 카페·베이커리 호라이즌은 여름 무더위를 잊게 해줄 시즌 음료 4종을 함께 선보인다. 코트야드 메리어트 서울 타임스퀘어 호텔은 여름 한정 객실 패키지 '칠링앤힐링'을 선보인다. 도심 속에서 짧고도 깊은 여름 휴식을 즐기고자 하는 고객을 위해 기획됐다. 패키지는 객실 투숙과 함께 모모카페에서 제공되는 조식 뷔페 2인, 런치·디너 뷔페 25% 할인 바우처 등의 혜택을 담았다. 특히 제철 복숭아를 활용한 '복숭아 쁘띠 빙수 세트'가 패키지 하이라이트로 꼽힌다. 투숙 기간은 오는 6월 1일부터 8월 31일까지다. 메종 글래드 제주는 오는 6월 1일부터 9월 30일까지 '글래드 풀캉스 패키지'를 선보인다. 객실 1박과 함께 △야외 수영장 '더 파티오 풀' 성인 입장권 2매 △풀 사이드 바 생맥주 2잔 이용권 1매 △선베드 2시간 이용권 1매 등을 제공한다. 또한 선착순으로 △글래드 L튜브 1개를 제공한다. 패키지 금액은 스탠다드 객실 기준 14만6000원부터다. 대명소노그룹 소노인터내셔널은 '미리보는 여름일지' 기획전을 진행한다. 긴 무더위와 여름방학을 대비해 자녀 동반 가족 여행객들이 워터파크를 비롯한 리조트 인기 콘텐츠를 함께 경험하며 무더위를 날릴 수 있도록 기획됐다. 기획전 메인 상품인 '오션에 빠지다' 패키지는 객실 1박과 워터파크 입장권(대·소인 공통) 2매와 소인 전용 1매로 구성됐다. 투숙 기간은 6월 1일부터 8월 23일까지다.",https://www.etnews.com/20250529000040,생활/문화,2025-05-29 11:00:00+09:00
[알리 꿀템 PICK] 바캉스도 홈캉스도 OK…여름 휴가 추천템,"다가오는 여름, 바다로 산으로 떠나는 여행도 좋지만 시원한 집콕 휴식도 놓칠 수 없다. 이번 여름 휴가는 '바캉스'와 '홈캉스' 모두 만족스러운 시간이 되도록 준비해보자. 알리익스프레스에서는 아웃도어 아이템부터 무더위를 날려줄 여름 가전, 시원한 제철 먹거리까지 여름철","다가오는 여름, 바다로 산으로 떠나는 여행도 좋지만 시원한 집콕 휴식도 놓칠 수 없다. 이번 여름 휴가는 '바캉스'와 '홈캉스' 모두 만족스러운 시간이 되도록 준비해보자. 알리익스프레스에서는 아웃도어 아이템부터 무더위를 날려줄 여름 가전, 시원한 제철 먹거리까지 여름철 필수템을 엄선해 합리적인 가격에 선보인다. 감미로운 음악은 여름 휴가 분위기를 한층 더 특별하게 만들어준다. 필립스의 레인보우 블루투스 발광다이오드(LED) 스피커는 손바닥만 한 콤팩트 사이즈에 360도 전방향 사운드를 담았다. 바비큐 파티장이나 해변에서도 선명한 음악을 즐길 수 있다. 7시간까지 연속으로 재생이 가능하며 밤에는 무드등으로도 활용할 수 있도록 다양한 조명 모드가 더해져 분위기 조성에 안성맞춤이다. 디카팩 아쿠런 아쿠아슈즈는 바다·계곡·워터파크 등 물놀이 장소는 물론 스판덱스와 열가소성고무(TPR) 소재 조합으로 신축성과 통기성이 뛰어나 다양한 실내외 스포츠에 최적화돼있다. 남녀노소 누구나 신을 수 있는 다양한 사이즈와 6가지 색상으로 구성돼 가족 단위 여행에도 안성맞춤이다. 물놀이 용품을 효율적으로 챙기고 싶다면 용도 별로 나눠 수납할 수 있는 반반 메쉬백을 추천한다. 한쪽은 방수형, 다른 한쪽은 메쉬형으로 구성돼 물기가 있는 수영복이나 목욕 용품은 메쉬 공간에, 건조한 화장품이나 수건 등은 방수 공간에 나눠 담기 좋다. 중형·대형 2가지 사이즈 중 고를 수 있어 활용도가 높다. 여행과 일상 속 모두에서 유용하게 사용할 수 있는 제품이다. 아이가 있는 집이라면 여름마다 순한 선크림을 대용량으로 구비해 놓게 된다. 과일나라 알로에 선크림은 강력한 자외선 차단은 물론 알로에베라잎 추출물과 4가지 시카 성분이 함유돼 예민한 피부에도 안심하고 사용할 수 있다. 백탁 없이 촉촉하게 흡수되는 수분 베이스 제형으로 바를 때 부담이 없다. 3개 구성으로 온 가족이 함께 사용하기에 넉넉하다. 무더운 여름, 실내를 보다 쾌적하게 유지하고 싶다면 대웅의 투 웨이 서큘레이터형 선풍기를 추천한다. 2단 탈착형 스탠드를 적용해 스탠드형과 테이블형으로 자유롭게 변형이 가능하다. 공간에 맞게 높이를 조절할 수도 있어 다양한 장소에서 활용도가 높다. 군더더기 없는 깔끔한 디자인 덕분에 어떤 인테리어에도 자연스럽게 어울리는 실내 가전이다. 장마철에는 더위보다도 습기로 인해 더 불쾌감을 느끼기 마련이다. 클래파의 미니 멀티 제습기는 33㎡까지 커버 가능한 강력한 성능을 자랑한다. 콤팩트한 부피 덕에 옷장, 욕실, 침실 등 습기가 차기 쉬운 공간 어디든 배치할 수 있다. 저소음 설계로 수면에 방해가 없어 1인 가구는 물론 아이가 있는 집에서도 부담 없이 사용 가능하다. 더위를 달래 줄 여름 간식으로는 남녀노소 누구나 좋아하는 디핀다트 구슬아이스크림을 추천한다. 가장 사랑 받아온 4가지 맛인 레인보우·딸기·초코바나나·쿠키앤크림 중에서 고를 수 있다. 개별 포장이 돼있어 위생적이고 보관도 용이하다. 냉동실에 쟁여 두면 하나씩 꺼내 먹기 좋아 가족 모두가 만족할 만한 간식이다. 여름철 대표 간식으로 빼놓을 수 없는 것이 바로 수박이다. 꿀당도 국내산 하우스 수박은 산지 직배송 상품으로 신선도가 뛰어나며, 집 앞까지 배송돼 직접 무겁게 들고 올 필요가 없다. 제철 수박만을 엄선해 높은 당도와 수분을 자랑한다. 알리익스프레스에서는 올여름 바캉스를 떠나는 사람도, 시원한 집에서 홈캉스를 즐기는 사람도 모두 만족할 만한 상품을 선보이고 있다. 실속 있는 여름가전부터 감성 아웃도어 용품, 시원한 제철과일까지 마련했다. 더 스마트하게 여름을 즐기고 싶다면, 지금 바로 알리익스프레스 애플리케이션(앱)에서 다양한 제품과 혜택을 만나보자.",https://www.etnews.com/20250529000039,생활/문화,2025-05-29 11:00:00+09:00
"이통 3사, 'AI-RAN 얼라이언스' 참여 완료…LGU+도 합류",국내 이동통신 3사가 인공지능(AI) 네트워크 글로벌 연합체인 'AI-RAN 얼라이언스' 합류를 완료했다. 삼성전자와 이통 3사 등 국내 기업은 6세대(6G) 이동통신 시대 초지능 네트워크 구현을 위한 AI-RAN 기술개발 및 상용화 경쟁에 적극 참여한다는 방침이다.,"국내 이동통신 3사가 인공지능(AI) 네트워크 글로벌 연합체인 'AI-RAN 얼라이언스' 합류를 완료했다. 삼성전자와 이통 3사 등 국내 기업은 6세대(6G) 이동통신 시대 초지능 네트워크 구현을 위한 AI-RAN 기술개발 및 상용화 경쟁에 적극 참여한다는 방침이다. 29일 업계에 따르면 LG유플러스는 지난달 AI-RAN 얼라이언스에 가입을 완료했다. 지난해 말 SK텔레콤, 올해 초 KT에 이어 LG유플러스까지 신규 회원사로 합류하면서 국내 이통 3사 모두 무선접속망(RAN)에 인공지능(AI)을 접목한 차세대 지능형 네트워크 구현에 속도를 내게 됐다. AI-RAN 얼라이언스는 AI와 통신 융합기술 활성화를 위해 MWC 2024에서 출범한 글로벌 민간 연합체다. 국내 기업·기관 중에서는 삼성전자가 창립멤버며 이통 3사를 비롯해 한국전자통신연구원(ETRI), 서울대 등도 일반 멤버로 참여 중이다. AI-RAN은 모바일 통신 시스템의 RAN에 AI 기술을 통합하는 것을 말한다. 단순한 자동화를 넘어 네트워크가 스스로 판단하고 진화할 수 있는 구조를 지향한다. 특히 6G 시대에는 네트워크 구조가 복잡화되고 운영 효율을 높이기 위한 트래픽 예측 등 초지능형 네트워크가 요구된다. SK텔레콤은 AI RAN을 통해 기지국 여유 자원을 AI 추론 서비스 등에 활용할 수 있도록 자원을 배분해주는 등 통신망 가치를 높이는 네트워크 AI 기술 개발에 집중하고 있다. 통신 네트워크가 생성형 AI 서비스를 위한 인프라 역할을 하기 위해서는 리소스 활용을 최적화하고 RAN의 성능을 높여야 한다. 무엇보다 5G 투자금을 충분히 회수하지 못한 통신사 입장에서 AI-RAN을 통해 네트워크 투자 비용을 효율화하고 새로운 수익 모델 발굴할 필요가 있다. 세계이동통신사업자연합회(GSMA)에 따르면 글로벌 통신사의 총수익은 2023년 1조1100억달러에서 2030년 1조2500억달러로 연평균 1.74% 성장에 그칠 것으로 추산된다. 반면 자본 투자액은 2030년까지 1조5000억달러로 수익을 넘어설 것이라는 관측이다. AI-RAN을 통해 RAN이 AI 응용 프로그램을 지원하는 역할을 하고 AI를 통해 무선 네트워크의 효율성과 성능을 극대화한다면 네트워크 투자 대비 이득을 높일 수 있을 전망이다. LG유플러스 관계자는 “AI-RAN 얼라이언스 가입을 통해 6G 시대 AI 랜에 대한 상용화 가능성을 검토할 예정”이라고 말했다.",https://www.etnews.com/20250529000079,생활/문화,2025-05-29 10:07:06+09:00
"英 버티컬 에어로스페이스, '하늘 나는 택시' 첫 시험비행 성공","영국에서 하늘을 나는 택시가 27일(현지시간) 처음으로 일반 비행구역에서 첫 시험 비행을 성공적으로 마쳤다. 텔레그래프에 따르면, 영국 기업 버티컬 에어로스페이스가 개발한 VX4 전기 항공기가 이날 민간 항공청 승인을 받은 이후 코츠월드 공항 활주로를 이용해 이착륙했다","영국에서 하늘을 나는 택시가 27일(현지시간) 처음으로 일반 비행구역에서 첫 시험 비행을 성공적으로 마쳤다. 텔레그래프에 따르면, 영국 기업 버티컬 에어로스페이스가 개발한 VX4 전기 항공기가 이날 민간 항공청 승인을 받은 이후 코츠월드 공항 활주로를 이용해 이착륙했다. 비행은 엄격한 실험 조건을 벗어나 일반 비행 구역에서 운항한 첫 사례다. 버티컬 에어로스페이스는 도시 내 또는 도시 간 승객을 항공기로 운송하는 '비행 택시'를 개발하는 기업 중 한 곳이다. VX4는 전기로 구동되며, 활주로 이륙뿐 아니라 헬리콥터처럼 수직 이착륙도 가능하다. 또 프로펠러를 회전시켜 공중에서 정지 상태로 머물 수 있으며 전통적인 경량 항공기처럼 기울기도 가능하다. 조종사 1명과 승객 4명까지 태울 수 있으며 최대 약 160㎞의 비행 거리와 최대 시속 240㎞의 속도를 낼 수 있다. 버티컬 에어로스페이스는 조만간 VX4의 수직 이륙과 날개를 이용해 공중 정지 상태에서 순항 모드로 전환하는 기능을 입증한다는 계획이다. 영국 정부는 2028년까지 비행 택시를 현실화하는 걸 목표로 잡고 있다.",https://www.etnews.com/20250529000047,생활/문화,2025-05-29 09:48:07+09:00
"머스크의 AI '그록', 텔레그램에 탑재…“1년간 파트너십”",일론 머스크의 인공지능(AI) 스타트업 xAI가 텔레그램과 사업을 협력하기로 했다고 파벨 두로프 텔레그램 최고경영자(CEO)가 28일(현지시간) 발표했다. 두로프 CEO는 이날 자신의 엑스(X·옛 트위터) 계정에 올린 글에서 “이번 여름 텔레그램 이용자들은 시장에서 최,"일론 머스크의 인공지능(AI) 스타트업 xAI가 텔레그램과 사업을 협력하기로 했다고 파벨 두로프 텔레그램 최고경영자(CEO)가 28일(현지시간) 발표했다. 두로프 CEO는 이날 자신의 엑스(X·옛 트위터) 계정에 올린 글에서 “이번 여름 텔레그램 이용자들은 시장에서 최고인 AI 기술에 접근하게 된다”며 “일론 머스크와 나는 xAI의 '그록'을 우리의 10억명이 넘는 이용자들에게 가져오고 모든 텔레그램 앱에 통합하기 위해 1년간의 파트너십을 체결했다”고 밝혔다. 이어 “이것은 텔레그램의 재무적 위치를 강화한다”며 “우리는 xAI에서 현금과 주식으로 3억달러(약 4126억원), 그리고 텔레그램을 통해 판매되는 xAI 구독 수익의 50%를 받을 것”이라고 덧붙였다. xAI 측은 이에 대한 블룸버그 통신 등 언론의 논평 요청에 응답하지 않았다. 텔레그램은 러시아와 우크라이나 등지에서 정부 관료와 군대가 사용하는 등 세계적으로 인기가 높다. 두로프는 프랑스에서 텔레그램 내 아동 음란물 유포·마약 밀매·조직적 사기 및 자금 세탁 등을 방치한 혐의 등으로 수사를 받고 있으며, 지난해 8월 프랑스에서 체포됐다가 보석금을 내고 석방됐다. 지난 3월엔 사법 당국의 일시 허가를 받아 텔레그램 본사가 있는 아랍에미리트(UAE) 두바이로 출국했다.",https://www.etnews.com/20250529000006,생활/문화,2025-05-29 07:35:38+09:00
국내은행 건전성 지표 개선됐다,국내은행 건전성 지표인 국제결제은행(BIS) 기준 자본 비율이 올해 1분기에 상승했다. 29일 금융감독원이 공개한 '3월 말 은행지주회사 및 은행 BIS 기준 자본비율 현황'에 따르면 작년 말 총자본비율은 15.68%로 전 분기 말 대비 0.08%p 상승했다. 보통주자,"국내은행 건전성 지표인 국제결제은행(BIS) 기준 자본 비율이 올해 1분기에 상승했다. 29일 금융감독원이 공개한 '3월 말 은행지주회사 및 은행 BIS 기준 자본비율 현황'에 따르면 작년 말 총자본비율은 15.68%로 전 분기 말 대비 0.08%p 상승했다. 보통주자본비율은 13.20%로 전 분기 말보다 0.13%p 상승했고, 기본자본비율은 14.53%로 같은 기간 0.14%p 올랐다. BIS 기준 자본비율은 총자산(위험자산 가중평가) 대비 자기자본의 비율로, 은행 재무구조 건전성을 가늠하는 핵심 지표로 꼽힌다. 감독당국 규제 기준은 보통주자본비율 8.0%, 기본자본비율 9.5%, 총자본비율 11.5%다. 금감원은 “모든 국내은행이 자본규제비율을 크게 상회하는 등 양호한 수준”이라고 평가했다. 총자본비율 기준으로 KB·씨티·SC·카카오는 16.0%를 상회하며 매우 안정적인 모습을 보였으며 BNK는 14% 미만으로 상대적으로 낮은 수준이었다. 보통주자본비율 기준으로는 씨티·SC·카카오·토스 등은 14% 이상, KB·하나·신한·수출입·산업·케이 등이 13% 이상으로 상대적으로 높았다. 씨티(+0.51%p), iM(+0.31%p), 우리(+0.30%p) 등 대부분 은행은 전 분기 대비 보통주자본비율이 상승한 반면, 카카오(-1.16%p), 케이(-0.28%p), SC(-0.17%p), 수협(-0.15%p), 수출입(-0.04%p), BNK(-0.02%p) 6개 은행은 하락했다",https://www.etnews.com/20250529000005,생활/문화,2025-05-29 07:30:21+09:00
[대선 D-5]양향자 “반도체 심장 용인에서 과학기술 주권 지켜야”…사전투표 마쳐,"국민의힘 양향자 공동선거대책위원장은 29일 오전 경기도 용인시 처인구 역북동행정복지센터 사전투표소에서 제21대 대통령선거 사전투표를 마쳤다. 양 위원장은 투표 직후 “과학기술이 곧 국력인 시대, 이를 지켜내기 위한 첫걸음은 바로 한 표에서 시작된다”며 “이번 총선은 단","국민의힘 양향자 공동선거대책위원장은 29일 오전 경기도 용인시 처인구 역북동행정복지센터 사전투표소에서 제21대 대통령선거 사전투표를 마쳤다. 양 위원장은 투표 직후 “과학기술이 곧 국력인 시대, 이를 지켜내기 위한 첫걸음은 바로 한 표에서 시작된다”며 “이번 총선은 단순한 정치적 선택을 넘어, 대한민국이 세계 기술 패권 경쟁에서 주도권을 쥐느냐의 분수령”이라고 강조했다. 양 위원장은 특히 “이곳 용인은 삼성전자의 '용인 첨단시스템반도체 국가산업단지'(약 728만㎡)와 SK하이닉스의 '용인 반도체 클러스터 일반산업단지'(약 415만㎡)가 함께 들어서는, 세계 최대 반도체 메가 클러스터의 중심지”라며 “이 땅에서 행사하는 한 표는 대한민국 미래산업의 심장을 찍는 것과 같다”고 말했다. 양 위원장은 “저는 반도체와 함께 살아온 사람이다. 그래서 별명도 '양도체'”라며 “김문수 후보가 제시한 '반도체 1등 대한민국', 'AI 3대 강국 도약' 공약은 단순한 구호가 아닌, 실행 가능한 전략”이라고 힘을 실었다. 김문수 후보는 반도체·AI·우주항공 등 첨단산업을 중심으로 한 '국가 전략산업 대혁신'을 핵심 공약으로 제시하고 있다. 특히 △반도체 메가 클러스터 조기 완공 △첨단 기술인력 양성 △AI 고도화 국가프로젝트 추진 등을 통해 대한민국을 기술 초강국으로 도약시키겠다는 구상을 내놨다. 양 위원장은 “용인의 미래를 넘어, 대한민국의 미래가 걸린 선거”라며 “사전투표에 꼭 참여해달라”고 유권자들의 참여를 당부했다. 한편 제21대 대통령선거 사전투표는 오늘부터 5월 30일(금)까지, 전국 사전투표소에서 오전 6시부터 오후 6시까지 진행된다.",https://www.etnews.com/20250529000004,생활/문화,2025-05-29 07:21:26+09:00
"엔비디아, 1분기 매출 69% 급증…AI 수요에 월가 예측 상회","엔비디아는 2026 회계연도 1분기(2~4월) 실적으로 매출 440억6000만 달러(약 60조6000억원), 주당순이익 0.96달러(약 1320원)를 기록했다고 28일(현지시간) 밝혔다. 이는 시장조사 업체 LSEG가 집계한 월가 매출 예상치 433억1000만 달러,","엔비디아는 2026 회계연도 1분기(2~4월) 실적으로 매출 440억6000만 달러(약 60조6000억원), 주당순이익 0.96달러(약 1320원)를 기록했다고 28일(현지시간) 밝혔다. 이는 시장조사 업체 LSEG가 집계한 월가 매출 예상치 433억1000만 달러, 주당 순이익 예상치 0.93달러를 웃돌았다. 매출은 전년 동기 대비 69% 증가했고, 순이익도 같은 기간 26% 늘어난 149억 달러를 기록했다. 사업부문별로 살펴보면 인공지능(AI) 반도체를 담당하는 데이터센터 부문 매출이 전년 대비 73% 증가한 391억 달러를 기록했다. 매출 비중은 88%로 나타났다. 게임부문은 같은 기간 42% 증가한 38억 달러, 자동차·로보틱스 부문은 72% 늘어난 5억6700만 달러의 매출을 올렸다. 다음 분기(5~7월) 매출 전망치로는 450억 달러(±2%)를 제시했다. 이는 LSEG 전망치 459억 달러를 밑돌았다. 엔비디아는 최신 중국 시장에 대한 H20 칩 수출 제한으로 인해 분기 매출이 최대 80억 달러 줄어들 것으로 예상했다.",https://www.etnews.com/20250529000003,생활/문화,2025-05-29 06:40:00+09:00
키 '110cm'···세상에서 가장 작은 英 체육교사 아시나요?,키가 110cm인 영국의 체육교사가 화제가 되고 있습니다. 영국 솔즈베리 출신의 코너 샌더슨(21)은 선천성 희귀질환인 '천골 무형성증'으로 태어나 허벅지뼈가 정상적으로 형성되지 않아 “오래 살기 어렵고 평생 걸을 수 없을 것”이라는 진단을 받았습니다. 하지만 그는 장,"키 ‘110cm’···세상에서 가장 작은 英 체육교사 키가 110cm인 영국의 체육교사가 화제가 되고 있습니다. 영국 솔즈베리 출신의 코너 샌더슨(21)은 선천성 희귀질환인 '천골 무형성증'으로 태어나 허벅지뼈가 정상적으로 형성되지 않아 “오래 살기 어렵고 평생 걸을 수 없을 것”이라는 진단을 받았습니다. 하지만 그는 장애를 딛고 일어섰습니다. 직접 걷는 것은 물론 휠체어 럭비 선수로 뛰고, 축구 코치로 활동하며 현재는 초등학교에서 체육 수업까지 맡고 있습니다. 코너 씨는 “세상에서 가장 키가 작은 축구 코치일지도 모른다”고 농담하며 자신보다 훨씬 큰 아이들 앞에서도 당당히 수업을 진행합니다. 처음에는 아이들이 웃거나 신기해하지만, 곧 그를 '선생님'으로 받아들인다고 합니다. 그는 “무릎이 없어서 줄넘기를 하진 못해도 말로는 충분히 가르칠 수 있어요”라며 장애가 가르침에 방해되지 않는다는 점을 강조했습니다. 아이들을 지도하는 영상이 SNS를 통해 퍼지며 누리꾼들에게 감동을 주었습니다. 코너 씨의 키에 대한 악성 댓글도 있었지만 그는 “저는 그냥 웃어넘겨요. 오히려 더 주목받을 수 있으니까요”라며 의연한 태도를 보였습니다.",https://www.etnews.com/20250528000419,생활/문화,2025-05-29 06:00:00+09:00
“33개국 공짜로 여행”… 비법은 '신용카드 30장',"카드별 다양한 혜택을 활용해 적립한 포인트만으로 33개 나라를 여행한 30대 남성이 화제다. 26일(현지시간) CNBC에 따르면 베트남계 미국인 데이비드 도(33)는 사회복지사로 일하며 연봉 7만 8000달러(약 1억 1000만원)를 받고 있으며, 현재까지 온두라스,","카드별 다양한 혜택을 활용해 적립한 포인트만으로 33개 나라를 여행한 30대 남성이 화제다. 26일(현지시간) CNBC에 따르면 베트남계 미국인 데이비드 도(33)는 사회복지사로 일하며 연봉 7만 8000달러(약 1억 1000만원)를 받고 있으며, 현재까지 온두라스, 일본, 싱가포르, 노르웨이, 터키, 인도 등 총 33개국울 여행했다. 이렇게 많은 나라를 여행할 수 있었던 비결에 대해 그는 “돈을 많이 버는 것이 아니라 돈을 어떻게 쓰느냐가 중요하다”고 설명했다. 그는 스스스로를 '여행 해커'라고 부르며 신용카드 포인트 프로그램을 전략적으로 활용해 항공료·숙박비에서 무료나 할인 혜택을 받는다. 도는 현재 약 30장의 신용카드를 보유하고 있으며, 매달 어떤 카드가 어떤 혜택을 제공하는지에 따라 카드를 바꿔가며 사용한다. 예를 들어 지난 3월에는 식당에서 753달러를 썼는데, 모두 그달에 식사비 5% 적립을 해주는 디스커버 카드로 결제했고, 항공료나 기차표는 캐피탈원 여행 카드로, 아마존에서 주문한 것들은 아마존 체이스 카드로 결제하는 식이다. 이런 방식으로 도는 지난 2017년부터 지금까지 100만 포인트 이상을 사용했다. 또한 큰 지출이 예정돼 있을 때 신규 카드 발급을 통해 가입 보너스 포인트를 받는 전략도 활용한다. 등록금, 자동차보험료, 분기별 세금 등 큰 금액을 지불해야 할 때는 큰 가입 보너스를 제공하는 카드에 맞춰 시기를 조절한다. 그는 포인트로 일등석 항공권이나 호화 호텔을 예약하지 않는다. 그는 항상 이코노미석을 이용하며, 합리적인 소비를 원칙으로 한다. 현재 도는 약 37만 마일을 보유하고 있으며, 다음 여행지인 우즈베키스탄, 아제르바이잔, 조지아 여행 자금을 마련하기 위해 포인트를 모으고 있다. 그는 35세가 되기 전까지 35개국을 방문한다는 목표를 향해 나아가고 있다.",https://www.etnews.com/20250527000367,생활/문화,2025-05-29 06:00:00+09:00
